StartTime,EndTime,vehicleCount,vehicleCount_pre,APE
2018/12/24 0:00,2018/12/24 0:05,35,25,28.571
2018/12/24 0:05,2018/12/24 0:10,36,34,5.556
2018/12/24 0:10,2018/12/24 0:15,42,34,19.048
2018/12/24 0:15,2018/12/24 0:20,38,45,18.421
2018/12/24 0:20,2018/12/24 0:25,43,39,9.302
2018/12/24 0:25,2018/12/24 0:30,36,39,8.333
2018/12/24 0:30,2018/12/24 0:35,30,42,40
2018/12/24 0:35,2018/12/24 0:40,35,42,20
2018/12/24 0:40,2018/12/24 0:45,37,35,5.405
2018/12/24 0:45,2018/12/24 0:50,26,50,92.308
2018/12/24 0:50,2018/12/24 0:55,32,35,9.375
2018/12/24 0:55,2018/12/24 1:00,23,41,78.261
2018/12/24 1:00,2018/12/24 1:05,31,23,25.806
2018/12/24 1:05,2018/12/24 1:10,37,31,16.216
2018/12/24 1:10,2018/12/24 1:15,22,38,72.727
2018/12/24 1:15,2018/12/24 1:20,25,30,20
2018/12/24 1:20,2018/12/24 1:25,32,30,6.25
2018/12/24 1:25,2018/12/24 1:30,23,32,39.13
2018/12/24 1:30,2018/12/24 1:35,22,36,63.636
2018/12/24 1:35,2018/12/24 1:40,30,31,3.333
2018/12/24 1:40,2018/12/24 1:45,32,23,28.125
2018/12/24 1:45,2018/12/24 1:50,23,24,4.348
2018/12/24 1:50,2018/12/24 1:55,20,22,10
2018/12/24 1:55,2018/12/24 2:00,28,21,25
2018/12/24 2:00,2018/12/24 2:05,20,31,55
2018/12/24 2:05,2018/12/24 2:10,26,27,3.846
2018/12/24 2:10,2018/12/24 2:15,17,32,88.235
2018/12/24 2:15,2018/12/24 2:20,24,19,20.833
2018/12/24 2:20,2018/12/24 2:25,19,19,0
2018/12/24 2:25,2018/12/24 2:30,19,20,5.263
2018/12/24 2:30,2018/12/24 2:35,21,19,9.524
2018/12/24 2:35,2018/12/24 2:40,21,28,33.333
2018/12/24 2:40,2018/12/24 2:45,21,21,0
2018/12/24 2:45,2018/12/24 2:50,24,20,16.667
2018/12/24 2:50,2018/12/24 2:55,22,31,40.909
2018/12/24 2:55,2018/12/24 3:00,26,20,23.077
2018/12/24 3:00,2018/12/24 3:05,35,19,45.714
2018/12/24 3:05,2018/12/24 3:10,26,34,30.769
2018/12/24 3:10,2018/12/24 3:15,21,34,61.905
2018/12/24 3:15,2018/12/24 3:20,39,25,35.897
2018/12/24 3:20,2018/12/24 3:25,16,38,137.5
2018/12/24 3:25,2018/12/24 3:30,27,16,40.741
2018/12/24 3:30,2018/12/24 3:35,26,34,30.769
2018/12/24 3:35,2018/12/24 3:40,31,16,48.387
2018/12/24 3:40,2018/12/24 3:45,34,23,32.353
2018/12/24 3:45,2018/12/24 3:50,27,34,25.926
2018/12/24 3:50,2018/12/24 3:55,36,20,44.444
2018/12/24 3:55,2018/12/24 4:00,34,35,2.941
2018/12/24 4:00,2018/12/24 4:05,23,34,47.826
2018/12/24 4:05,2018/12/24 4:10,42,33,21.429
2018/12/24 4:10,2018/12/24 4:15,21,25,19.048
2018/12/24 4:15,2018/12/24 4:20,41,23,43.902
2018/12/24 4:20,2018/12/24 4:25,37,35,5.405
2018/12/24 4:25,2018/12/24 4:30,25,34,36
2018/12/24 4:30,2018/12/24 4:35,37,36,2.703
2018/12/24 4:35,2018/12/24 4:40,32,25,21.875
2018/12/24 4:40,2018/12/24 4:45,28,23,17.857
2018/12/24 4:45,2018/12/24 4:50,30,31,3.333
2018/12/24 4:50,2018/12/24 4:55,31,37,19.355
2018/12/24 4:55,2018/12/24 5:00,32,36,12.5
2018/12/24 5:00,2018/12/24 5:05,27,30,11.111
2018/12/24 5:05,2018/12/24 5:10,34,27,20.588
2018/12/24 5:10,2018/12/24 5:15,43,36,16.279
2018/12/24 5:15,2018/12/24 5:20,32,42,31.25
2018/12/24 5:20,2018/12/24 5:25,41,23,43.902
2018/12/24 5:25,2018/12/24 5:30,45,40,11.111
2018/12/24 5:30,2018/12/24 5:35,49,33,32.653
2018/12/24 5:35,2018/12/24 5:40,41,28,31.707
2018/12/24 5:40,2018/12/24 5:45,44,45,2.273
2018/12/24 5:45,2018/12/24 5:50,56,48,14.286
2018/12/24 5:50,2018/12/24 5:55,63,33,47.619
2018/12/24 5:55,2018/12/24 6:00,62,49,20.968
2018/12/24 6:00,2018/12/24 6:05,63,62,1.587
2018/12/24 6:05,2018/12/24 6:10,80,44,45
2018/12/24 6:10,2018/12/24 6:15,71,63,11.268
2018/12/24 6:15,2018/12/24 6:20,58,79,36.207
2018/12/24 6:20,2018/12/24 6:25,78,57,26.923
2018/12/24 6:25,2018/12/24 6:30,57,62,8.772
2018/12/24 6:30,2018/12/24 6:35,67,56,16.418
2018/12/24 6:35,2018/12/24 6:40,89,57,35.955
2018/12/24 6:40,2018/12/24 6:45,90,79,12.222
2018/12/24 6:45,2018/12/24 6:50,78,89,14.103
2018/12/24 6:50,2018/12/24 6:55,94,89,5.319
2018/12/24 6:55,2018/12/24 7:00,104,77,25.962
2018/12/24 7:00,2018/12/24 7:05,129,104,19.38
2018/12/24 7:05,2018/12/24 7:10,131,128,2.29
2018/12/24 7:10,2018/12/24 7:15,131,128,2.29
2018/12/24 7:15,2018/12/24 7:20,141,104,26.241
2018/12/24 7:20,2018/12/24 7:25,170,130,23.529
2018/12/24 7:25,2018/12/24 7:30,175,103,41.143
2018/12/24 7:30,2018/12/24 7:35,164,174,6.098
2018/12/24 7:35,2018/12/24 7:40,173,169,2.312
2018/12/24 7:40,2018/12/24 7:45,199,163,18.09
2018/12/24 7:45,2018/12/24 7:50,184,169,8.152
2018/12/24 7:50,2018/12/24 7:55,195,183,6.154
2018/12/24 7:55,2018/12/24 8:00,188,169,10.106
2018/12/24 8:00,2018/12/24 8:05,248,198,20.161
2018/12/24 8:05,2018/12/24 8:10,210,247,17.619
2018/12/24 8:10,2018/12/24 8:15,191,248,29.843
2018/12/24 8:15,2018/12/24 8:20,202,198,1.98
2018/12/24 8:20,2018/12/24 8:25,232,201,13.362
2018/12/24 8:25,2018/12/24 8:30,213,232,8.92
2018/12/24 8:30,2018/12/24 8:35,216,213,1.389
2018/12/24 8:35,2018/12/24 8:40,207,201,2.899
2018/12/24 8:40,2018/12/24 8:45,184,215,16.848
2018/12/24 8:45,2018/12/24 8:50,192,183,4.688
2018/12/24 8:50,2018/12/24 8:55,216,215,0.463
2018/12/24 8:55,2018/12/24 9:00,199,215,8.04
2018/12/24 9:00,2018/12/24 9:05,199,209,5.025
2018/12/24 9:05,2018/12/24 9:10,212,216,1.887
2018/12/24 9:10,2018/12/24 9:15,169,206,21.893
2018/12/24 9:15,2018/12/24 9:20,192,168,12.5
2018/12/24 9:20,2018/12/24 9:25,204,198,2.941
2018/12/24 9:25,2018/12/24 9:30,197,203,3.046
2018/12/24 9:30,2018/12/24 9:35,207,197,4.831
2018/12/24 9:35,2018/12/24 9:40,168,198,17.857
2018/12/24 9:40,2018/12/24 9:45,182,199,9.341
2018/12/24 9:45,2018/12/24 9:50,203,192,5.419
2018/12/24 9:50,2018/12/24 9:55,184,198,7.609
2018/12/24 9:55,2018/12/24 10:00,187,182,2.674
2018/12/24 10:00,2018/12/24 10:05,204,187,8.333
2018/12/24 10:05,2018/12/24 10:10,201,202,0.498
2018/12/24 10:10,2018/12/24 10:15,208,201,3.365
2018/12/24 10:15,2018/12/24 10:20,208,199,4.327
2018/12/24 10:20,2018/12/24 10:25,175,203,16
2018/12/24 10:25,2018/12/24 10:30,182,208,14.286
2018/12/24 10:30,2018/12/24 10:35,151,200,32.45
2018/12/24 10:35,2018/12/24 10:40,167,151,9.581
2018/12/24 10:40,2018/12/24 10:45,185,150,18.919
2018/12/24 10:45,2018/12/24 10:50,204,207,1.471
2018/12/24 10:50,2018/12/24 10:55,186,203,9.14
2018/12/24 10:55,2018/12/24 11:00,190,151,20.526
2018/12/24 11:00,2018/12/24 11:05,190,186,2.105
2018/12/24 11:05,2018/12/24 11:10,188,203,7.979
2018/12/24 11:10,2018/12/24 11:15,176,186,5.682
2018/12/24 11:15,2018/12/24 11:20,218,175,19.725
2018/12/24 11:20,2018/12/24 11:25,178,189,6.18
2018/12/24 11:25,2018/12/24 11:30,170,187,10
2018/12/24 11:30,2018/12/24 11:35,170,176,3.529
2018/12/24 11:35,2018/12/24 11:40,166,189,13.855
2018/12/24 11:40,2018/12/24 11:45,163,217,33.129
2018/12/24 11:45,2018/12/24 11:50,168,163,2.976
2018/12/24 11:50,2018/12/24 11:55,156,163,4.487
2018/12/24 11:55,2018/12/24 12:00,158,156,1.266
2018/12/24 12:00,2018/12/24 12:05,160,217,35.625
2018/12/24 12:05,2018/12/24 12:10,157,167,6.369
2018/12/24 12:10,2018/12/24 12:15,154,156,1.299
2018/12/24 12:15,2018/12/24 12:20,151,154,1.987
2018/12/24 12:20,2018/12/24 12:25,151,151,0
2018/12/24 12:25,2018/12/24 12:30,145,151,4.138
2018/12/24 12:30,2018/12/24 12:35,154,150,2.597
2018/12/24 12:35,2018/12/24 12:40,156,159,1.923
2018/12/24 12:40,2018/12/24 12:45,161,150,6.832
2018/12/24 12:45,2018/12/24 12:50,150,160,6.667
2018/12/24 12:50,2018/12/24 12:55,158,149,5.696
2018/12/24 12:55,2018/12/24 13:00,161,157,2.484
2018/12/24 13:00,2018/12/24 13:05,165,149,9.697
2018/12/24 13:05,2018/12/24 13:10,152,164,7.895
2018/12/24 13:10,2018/12/24 13:15,166,164,1.205
2018/12/24 13:15,2018/12/24 13:20,158,165,4.43
2018/12/24 13:20,2018/12/24 13:25,166,165,0.602
2018/12/24 13:25,2018/12/24 13:30,157,152,3.185
2018/12/24 13:30,2018/12/24 13:35,159,157,1.258
2018/12/24 13:35,2018/12/24 13:40,160,165,3.125
2018/12/24 13:40,2018/12/24 13:45,164,157,4.268
2018/12/24 13:45,2018/12/24 13:50,168,159,5.357
2018/12/24 13:50,2018/12/24 13:55,175,163,6.857
2018/12/24 13:55,2018/12/24 14:00,169,175,3.55
2018/12/24 14:00,2018/12/24 14:05,172,160,6.977
2018/12/24 14:05,2018/12/24 14:10,170,171,0.588
2018/12/24 14:10,2018/12/24 14:15,171,166,2.924
2018/12/24 14:15,2018/12/24 14:20,166,170,2.41
2018/12/24 14:20,2018/12/24 14:25,169,172,1.775
2018/12/24 14:25,2018/12/24 14:30,168,169,0.595
2018/12/24 14:30,2018/12/24 14:35,170,165,2.941
2018/12/24 14:35,2018/12/24 14:40,179,166,7.263
2018/12/24 14:40,2018/12/24 14:45,176,169,3.977
2018/12/24 14:45,2018/12/24 14:50,180,169,6.111
2018/12/24 14:50,2018/12/24 14:55,177,169,4.52
2018/12/24 14:55,2018/12/24 15:00,173,170,1.734
2018/12/24 15:00,2018/12/24 15:05,172,172,0
2018/12/24 15:05,2018/12/24 15:10,181,180,0.552
2018/12/24 15:10,2018/12/24 15:15,176,180,2.273
2018/12/24 15:15,2018/12/24 15:20,177,180,1.695
2018/12/24 15:20,2018/12/24 15:25,180,177,1.667
2018/12/24 15:25,2018/12/24 15:30,184,176,4.348
2018/12/24 15:30,2018/12/24 15:35,180,183,1.667
2018/12/24 15:35,2018/12/24 15:40,168,183,8.929
2018/12/24 15:40,2018/12/24 15:45,187,180,3.743
2018/12/24 15:45,2018/12/24 15:50,182,186,2.198
2018/12/24 15:50,2018/12/24 15:55,180,180,0
2018/12/24 15:55,2018/12/24 16:00,184,181,1.63
2018/12/24 16:00,2018/12/24 16:05,175,182,4
2018/12/24 16:05,2018/12/24 16:10,185,171,7.568
2018/12/24 16:10,2018/12/24 16:15,185,184,0.541
2018/12/24 16:15,2018/12/24 16:20,188,183,2.66
2018/12/24 16:20,2018/12/24 16:25,183,183,0
2018/12/24 16:25,2018/12/24 16:30,184,183,0.543
2018/12/24 16:30,2018/12/24 16:35,197,179,9.137
2018/12/24 16:35,2018/12/24 16:40,197,184,6.599
2018/12/24 16:40,2018/12/24 16:45,198,182,8.081
2018/12/24 16:45,2018/12/24 16:50,190,197,3.684
2018/12/24 16:50,2018/12/24 16:55,197,184,6.599
2018/12/24 16:55,2018/12/24 17:00,197,196,0.508
2018/12/24 17:00,2018/12/24 17:05,205,183,10.732
2018/12/24 17:05,2018/12/24 17:10,205,204,0.488
2018/12/24 17:10,2018/12/24 17:15,215,205,4.651
2018/12/24 17:15,2018/12/24 17:20,206,214,3.883
2018/12/24 17:20,2018/12/24 17:25,213,196,7.981
2018/12/24 17:25,2018/12/24 17:30,210,214,1.905
2018/12/24 17:30,2018/12/24 17:35,216,210,2.778
2018/12/24 17:35,2018/12/24 17:40,210,212,0.952
2018/12/24 17:40,2018/12/24 17:45,218,212,2.752
2018/12/24 17:45,2018/12/24 17:50,221,212,4.072
2018/12/24 17:50,2018/12/24 17:55,215,204,5.116
2018/12/24 17:55,2018/12/24 18:00,217,214,1.382
2018/12/24 18:00,2018/12/24 18:05,214,214,0
2018/12/24 18:05,2018/12/24 18:10,202,220,8.911
2018/12/24 18:10,2018/12/24 18:15,211,213,0.948
2018/12/24 18:15,2018/12/24 18:20,208,220,5.769
2018/12/24 18:20,2018/12/24 18:25,201,220,9.453
2018/12/24 18:25,2018/12/24 18:30,211,202,4.265
2018/12/24 18:30,2018/12/24 18:35,194,210,8.247
2018/12/24 18:35,2018/12/24 18:40,192,194,1.042
2018/12/24 18:40,2018/12/24 18:45,180,216,20
2018/12/24 18:45,2018/12/24 18:50,179,191,6.704
2018/12/24 18:50,2018/12/24 18:55,174,179,2.874
2018/12/24 18:55,2018/12/24 19:00,164,179,9.146
2018/12/24 19:00,2018/12/24 19:05,170,163,4.118
2018/12/24 19:05,2018/12/24 19:10,152,173,13.816
2018/12/24 19:10,2018/12/24 19:15,145,164,13.103
2018/12/24 19:15,2018/12/24 19:20,141,144,2.128
2018/12/24 19:20,2018/12/24 19:25,134,145,8.209
2018/12/24 19:25,2018/12/24 19:30,132,145,9.848
2018/12/24 19:30,2018/12/24 19:35,122,132,8.197
2018/12/24 19:35,2018/12/24 19:40,119,131,10.084
2018/12/24 19:40,2018/12/24 19:45,112,151,34.821
2018/12/24 19:45,2018/12/24 19:50,115,141,22.609
2018/12/24 19:50,2018/12/24 19:55,114,111,2.632
2018/12/24 19:55,2018/12/24 20:00,101,114,12.871
2018/12/24 20:00,2018/12/24 20:05,97,132,36.082
2018/12/24 20:05,2018/12/24 20:10,101,97,3.96
2018/12/24 20:10,2018/12/24 20:15,95,97,2.105
2018/12/24 20:15,2018/12/24 20:20,94,95,1.064
2018/12/24 20:20,2018/12/24 20:25,88,113,28.409
2018/12/24 20:25,2018/12/24 20:30,86,96,11.628
2018/12/24 20:30,2018/12/24 20:35,93,88,5.376
2018/12/24 20:35,2018/12/24 20:40,88,86,2.273
2018/12/24 20:40,2018/12/24 20:45,92,92,0
2018/12/24 20:45,2018/12/24 20:50,87,87,0
2018/12/24 20:50,2018/12/24 20:55,83,113,36.145
2018/12/24 20:55,2018/12/24 21:00,80,93,16.25
2018/12/24 21:00,2018/12/24 21:05,85,82,3.529
2018/12/24 21:05,2018/12/24 21:10,77,85,10.39
2018/12/24 21:10,2018/12/24 21:15,78,82,5.128
2018/12/24 21:15,2018/12/24 21:20,78,85,8.974
2018/12/24 21:20,2018/12/24 21:25,77,84,9.091
2018/12/24 21:25,2018/12/24 21:30,78,83,6.41
2018/12/24 21:30,2018/12/24 21:35,70,77,10
2018/12/24 21:35,2018/12/24 21:40,75,77,2.667
2018/12/24 21:40,2018/12/24 21:45,65,75,15.385
2018/12/24 21:45,2018/12/24 21:50,66,76,15.152
2018/12/24 21:50,2018/12/24 21:55,61,77,26.23
2018/12/24 21:55,2018/12/24 22:00,63,70,11.111
2018/12/24 22:00,2018/12/24 22:05,60,65,8.333
2018/12/24 22:05,2018/12/24 22:10,54,59,9.259
2018/12/24 22:10,2018/12/24 22:15,54,63,16.667
2018/12/24 22:15,2018/12/24 22:20,51,59,15.686
2018/12/24 22:20,2018/12/24 22:25,54,54,0
2018/12/24 22:25,2018/12/24 22:30,55,53,3.636
2018/12/24 22:30,2018/12/24 22:35,49,50,2.041
2018/12/24 22:35,2018/12/24 22:40,49,76,55.102
2018/12/24 22:40,2018/12/24 22:45,47,48,2.128
2018/12/24 22:45,2018/12/24 22:50,43,61,41.86
2018/12/24 22:50,2018/12/24 22:55,43,49,13.953
2018/12/24 22:55,2018/12/24 23:00,44,42,4.545
2018/12/24 23:00,2018/12/24 23:05,37,43,16.216
2018/12/24 23:05,2018/12/24 23:10,39,48,23.077
2018/12/24 23:10,2018/12/24 23:15,37,46,24.324
2018/12/24 23:15,2018/12/24 23:20,37,43,16.216
2018/12/24 23:20,2018/12/24 23:25,39,42,7.692
2018/12/24 23:25,2018/12/24 23:30,36,39,8.333
2018/12/24 23:30,2018/12/24 23:35,38,38,0
2018/12/24 23:35,2018/12/24 23:40,37,38,2.703
2018/12/24 23:40,2018/12/24 23:45,32,37,15.625
2018/12/24 23:45,2018/12/24 23:50,32,35,9.375
2018/12/24 23:50,2018/12/24 23:55,33,37,12.121
2018/12/23 0:00,2018/12/23 0:05,33,37,12.121
2018/12/23 0:05,2018/12/23 0:10,28,40,42.857
2018/12/23 0:10,2018/12/23 0:15,49,27,44.898
2018/12/23 0:15,2018/12/23 0:20,34,48,41.176
2018/12/23 0:20,2018/12/23 0:25,38,34,10.526
2018/12/23 0:25,2018/12/23 0:30,32,30,6.25
2018/12/23 0:30,2018/12/23 0:35,34,37,8.824
2018/12/23 0:35,2018/12/23 0:40,29,33,13.793
2018/12/23 0:40,2018/12/23 0:45,30,34,13.333
2018/12/23 0:45,2018/12/23 0:50,31,45,45.161
2018/12/23 0:50,2018/12/23 0:55,22,34,54.545
2018/12/23 0:55,2018/12/23 1:00,21,33,57.143
2018/12/23 1:00,2018/12/23 1:05,22,28,27.273
2018/12/23 1:05,2018/12/23 1:10,29,34,17.241
2018/12/23 1:10,2018/12/23 1:15,21,21,0
2018/12/23 1:15,2018/12/23 1:20,30,22,26.667
2018/12/23 1:20,2018/12/23 1:25,21,48,128.571
2018/12/23 1:25,2018/12/23 1:30,17,30,76.471
2018/12/23 1:30,2018/12/23 1:35,26,33,26.923
2018/12/23 1:35,2018/12/23 1:40,21,21,0
2018/12/23 1:40,2018/12/23 1:45,23,21,8.696
2018/12/23 1:45,2018/12/23 1:50,23,22,4.348
2018/12/23 1:50,2018/12/23 1:55,19,17,10.526
2018/12/23 1:55,2018/12/23 2:00,28,21,25
2018/12/23 2:00,2018/12/23 2:05,26,18,30.769
2018/12/23 2:05,2018/12/23 2:10,24,25,4.167
2018/12/23 2:10,2018/12/23 2:15,13,26,100
2018/12/23 2:15,2018/12/23 2:20,27,24,11.111
2018/12/23 2:20,2018/12/23 2:25,25,26,4
2018/12/23 2:25,2018/12/23 2:30,19,24,26.316
2018/12/23 2:30,2018/12/23 2:35,20,27,35
2018/12/23 2:35,2018/12/23 2:40,24,25,4.167
2018/12/23 2:40,2018/12/23 2:45,23,24,4.348
2018/12/23 2:45,2018/12/23 2:50,17,24,41.176
2018/12/23 2:50,2018/12/23 2:55,23,19,17.391
2018/12/23 2:55,2018/12/23 3:00,23,22,4.348
2018/12/23 3:00,2018/12/23 3:05,26,17,34.615
2018/12/23 3:05,2018/12/23 3:10,27,18,33.333
2018/12/23 3:10,2018/12/23 3:15,26,27,3.846
2018/12/23 3:15,2018/12/23 3:20,23,22,4.348
2018/12/23 3:20,2018/12/23 3:25,20,18,10
2018/12/23 3:25,2018/12/23 3:30,16,23,43.75
2018/12/23 3:30,2018/12/23 3:35,32,20,37.5
2018/12/23 3:35,2018/12/23 3:40,14,23,64.286
2018/12/23 3:40,2018/12/23 3:45,31,20,35.484
2018/12/23 3:45,2018/12/23 3:50,21,25,19.048
2018/12/23 3:50,2018/12/23 3:55,21,20,4.762
2018/12/23 3:55,2018/12/23 4:00,26,31,19.231
2018/12/23 4:00,2018/12/23 4:05,30,26,13.333
2018/12/23 4:05,2018/12/23 4:10,24,20,16.667
2018/12/23 4:10,2018/12/23 4:15,27,24,11.111
2018/12/23 4:15,2018/12/23 4:20,30,25,16.667
2018/12/23 4:20,2018/12/23 4:25,27,16,40.741
2018/12/23 4:25,2018/12/23 4:30,34,25,26.471
2018/12/23 4:30,2018/12/23 4:35,34,27,20.588
2018/12/23 4:35,2018/12/23 4:40,24,27,12.5
2018/12/23 4:40,2018/12/23 4:45,34,23,32.353
2018/12/23 4:45,2018/12/23 4:50,47,27,42.553
2018/12/23 4:50,2018/12/23 4:55,33,33,0
2018/12/23 4:55,2018/12/23 5:00,25,46,84
2018/12/23 5:00,2018/12/23 5:05,20,33,65
2018/12/23 5:05,2018/12/23 5:10,38,20,47.368
2018/12/23 5:10,2018/12/23 5:15,34,37,8.824
2018/12/23 5:15,2018/12/23 5:20,37,33,10.811
2018/12/23 5:20,2018/12/23 5:25,44,37,15.909
2018/12/23 5:25,2018/12/23 5:30,27,37,37.037
2018/12/23 5:30,2018/12/23 5:35,41,46,12.195
2018/12/23 5:35,2018/12/23 5:40,49,37,24.49
2018/12/23 5:40,2018/12/23 5:45,47,38,19.149
2018/12/23 5:45,2018/12/23 5:50,49,41,16.327
2018/12/23 5:50,2018/12/23 5:55,36,46,27.778
2018/12/23 5:55,2018/12/23 6:00,43,44,2.326
2018/12/23 6:00,2018/12/23 6:05,53,48,9.434
2018/12/23 6:05,2018/12/23 6:10,50,46,8
2018/12/23 6:10,2018/12/23 6:15,53,25,52.83
2018/12/23 6:15,2018/12/23 6:20,43,47,9.302
2018/12/23 6:20,2018/12/23 6:25,46,43,6.522
2018/12/23 6:25,2018/12/23 6:30,41,46,12.195
2018/12/23 6:30,2018/12/23 6:35,53,42,20.755
2018/12/23 6:35,2018/12/23 6:40,57,52,8.772
2018/12/23 6:40,2018/12/23 6:45,61,43,29.508
2018/12/23 6:45,2018/12/23 6:50,70,43,38.571
2018/12/23 6:50,2018/12/23 6:55,71,69,2.817
2018/12/23 6:55,2018/12/23 7:00,62,43,30.645
2018/12/23 7:00,2018/12/23 7:05,69,41,40.58
2018/12/23 7:05,2018/12/23 7:10,74,69,6.757
2018/12/23 7:10,2018/12/23 7:15,78,73,6.41
2018/12/23 7:15,2018/12/23 7:20,81,78,3.704
2018/12/23 7:20,2018/12/23 7:25,97,68,29.897
2018/12/23 7:25,2018/12/23 7:30,100,41,59
2018/12/23 7:30,2018/12/23 7:35,95,80,15.789
2018/12/23 7:35,2018/12/23 7:40,115,95,17.391
2018/12/23 7:40,2018/12/23 7:45,106,99,6.604
2018/12/23 7:45,2018/12/23 7:50,111,105,5.405
2018/12/23 7:50,2018/12/23 7:55,122,114,6.557
2018/12/23 7:55,2018/12/23 8:00,147,114,22.449
2018/12/23 8:00,2018/12/23 8:05,125,77,38.4
2018/12/23 8:05,2018/12/23 8:10,115,114,0.87
2018/12/23 8:10,2018/12/23 8:15,124,115,7.258
2018/12/23 8:15,2018/12/23 8:20,133,105,21.053
2018/12/23 8:20,2018/12/23 8:25,128,115,10.156
2018/12/23 8:25,2018/12/23 8:30,145,146,0.69
2018/12/23 8:30,2018/12/23 8:35,181,144,20.442
2018/12/23 8:35,2018/12/23 8:40,142,145,2.113
2018/12/23 8:40,2018/12/23 8:45,166,141,15.06
2018/12/23 8:45,2018/12/23 8:50,135,145,7.407
2018/12/23 8:50,2018/12/23 8:55,155,141,9.032
2018/12/23 8:55,2018/12/23 9:00,149,105,29.53
2018/12/23 9:00,2018/12/23 9:05,154,148,3.896
2018/12/23 9:05,2018/12/23 9:10,156,148,5.128
2018/12/23 9:10,2018/12/23 9:15,149,96,35.57
2018/12/23 9:15,2018/12/23 9:20,152,181,19.079
2018/12/23 9:20,2018/12/23 9:25,166,149,10.241
2018/12/23 9:25,2018/12/23 9:30,176,149,15.341
2018/12/23 9:30,2018/12/23 9:35,153,156,1.961
2018/12/23 9:35,2018/12/23 9:40,171,153,10.526
2018/12/23 9:40,2018/12/23 9:45,164,125,23.78
2018/12/23 9:45,2018/12/23 9:50,161,142,11.801
2018/12/23 9:50,2018/12/23 9:55,146,161,10.274
2018/12/23 9:55,2018/12/23 10:00,173,152,12.139
2018/12/23 10:00,2018/12/23 10:05,149,152,2.013
2018/12/23 10:05,2018/12/23 10:10,181,171,5.525
2018/12/23 10:10,2018/12/23 10:15,173,172,0.578
2018/12/23 10:15,2018/12/23 10:20,135,172,27.407
2018/12/23 10:20,2018/12/23 10:25,163,149,8.589
2018/12/23 10:25,2018/12/23 10:30,173,135,21.965
2018/12/23 10:30,2018/12/23 10:35,176,180,2.273
2018/12/23 10:35,2018/12/23 10:40,159,162,1.887
2018/12/23 10:40,2018/12/23 10:45,177,159,10.169
2018/12/23 10:45,2018/12/23 10:50,159,176,10.692
2018/12/23 10:50,2018/12/23 10:55,174,172,1.149
2018/12/23 10:55,2018/12/23 11:00,177,176,0.565
2018/12/23 11:00,2018/12/23 11:05,160,158,1.25
2018/12/23 11:05,2018/12/23 11:10,176,173,1.705
2018/12/23 11:10,2018/12/23 11:15,173,158,8.671
2018/12/23 11:15,2018/12/23 11:20,185,172,7.027
2018/12/23 11:20,2018/12/23 11:25,166,176,6.024
2018/12/23 11:25,2018/12/23 11:30,149,165,10.738
2018/12/23 11:30,2018/12/23 11:35,144,166,15.278
2018/12/23 11:35,2018/12/23 11:40,177,176,0.565
2018/12/23 11:40,2018/12/23 11:45,178,166,6.742
2018/12/23 11:45,2018/12/23 11:50,146,144,1.37
2018/12/23 11:50,2018/12/23 11:55,185,143,22.703
2018/12/23 11:55,2018/12/23 12:00,176,185,5.114
2018/12/23 12:00,2018/12/23 12:05,184,184,0
2018/12/23 12:05,2018/12/23 12:10,150,183,22
2018/12/23 12:10,2018/12/23 12:15,145,149,2.759
2018/12/23 12:15,2018/12/23 12:20,157,184,17.197
2018/12/23 12:20,2018/12/23 12:25,150,149,0.667
2018/12/23 12:25,2018/12/23 12:30,156,150,3.846
2018/12/23 12:30,2018/12/23 12:35,158,149,5.696
2018/12/23 12:35,2018/12/23 12:40,153,149,2.614
2018/12/23 12:40,2018/12/23 12:45,168,153,8.929
2018/12/23 12:45,2018/12/23 12:50,169,152,10.059
2018/12/23 12:50,2018/12/23 12:55,190,168,11.579
2018/12/23 12:55,2018/12/23 13:00,165,189,14.545
2018/12/23 13:00,2018/12/23 13:05,180,165,8.333
2018/12/23 13:05,2018/12/23 13:10,163,179,9.816
2018/12/23 13:10,2018/12/23 13:15,164,163,0.61
2018/12/23 13:15,2018/12/23 13:20,159,164,3.145
2018/12/23 13:20,2018/12/23 13:25,158,159,0.633
2018/12/23 13:25,2018/12/23 13:30,186,158,15.054
2018/12/23 13:30,2018/12/23 13:35,174,185,6.322
2018/12/23 13:35,2018/12/23 13:40,181,185,2.21
2018/12/23 13:40,2018/12/23 13:45,195,180,7.692
2018/12/23 13:45,2018/12/23 13:50,162,181,11.728
2018/12/23 13:50,2018/12/23 13:55,216,162,25
2018/12/23 13:55,2018/12/23 14:00,205,215,4.878
2018/12/23 14:00,2018/12/23 14:05,205,159,22.439
2018/12/23 14:05,2018/12/23 14:10,179,162,9.497
2018/12/23 14:10,2018/12/23 14:15,177,179,1.13
2018/12/23 14:15,2018/12/23 14:20,194,204,5.155
2018/12/23 14:20,2018/12/23 14:25,188,180,4.255
2018/12/23 14:25,2018/12/23 14:30,183,188,2.732
2018/12/23 14:30,2018/12/23 14:35,185,182,1.622
2018/12/23 14:35,2018/12/23 14:40,212,194,8.491
2018/12/23 14:40,2018/12/23 14:45,229,185,19.214
2018/12/23 14:45,2018/12/23 14:50,208,185,11.058
2018/12/23 14:50,2018/12/23 14:55,204,207,1.471
2018/12/23 14:55,2018/12/23 15:00,181,203,12.155
2018/12/23 15:00,2018/12/23 15:05,197,181,8.122
2018/12/23 15:05,2018/12/23 15:10,171,181,5.848
2018/12/23 15:10,2018/12/23 15:15,181,171,5.525
2018/12/23 15:15,2018/12/23 15:20,170,196,15.294
2018/12/23 15:20,2018/12/23 15:25,144,169,17.361
2018/12/23 15:25,2018/12/23 15:30,177,144,18.644
2018/12/23 15:30,2018/12/23 15:35,213,177,16.901
2018/12/23 15:35,2018/12/23 15:40,218,176,19.266
2018/12/23 15:40,2018/12/23 15:45,206,177,14.078
2018/12/23 15:45,2018/12/23 15:50,205,176,14.146
2018/12/23 15:50,2018/12/23 15:55,210,176,16.19
2018/12/23 15:55,2018/12/23 16:00,206,209,1.456
2018/12/23 16:00,2018/12/23 16:05,214,205,4.206
2018/12/23 16:05,2018/12/23 16:10,225,214,4.889
2018/12/23 16:10,2018/12/23 16:15,219,213,2.74
2018/12/23 16:15,2018/12/23 16:20,227,225,0.881
2018/12/23 16:20,2018/12/23 16:25,206,218,5.825
2018/12/23 16:25,2018/12/23 16:30,206,226,9.709
2018/12/23 16:30,2018/12/23 16:35,199,226,13.568
2018/12/23 16:35,2018/12/23 16:40,234,199,14.957
2018/12/23 16:40,2018/12/23 16:45,235,234,0.426
2018/12/23 16:45,2018/12/23 16:50,247,233,5.668
2018/12/23 16:50,2018/12/23 16:55,228,247,8.333
2018/12/23 16:55,2018/12/23 17:00,214,228,6.542
2018/12/23 17:00,2018/12/23 17:05,204,214,4.902
2018/12/23 17:05,2018/12/23 17:10,204,204,0
2018/12/23 17:10,2018/12/23 17:15,204,228,11.765
2018/12/23 17:15,2018/12/23 17:20,194,204,5.155
2018/12/23 17:20,2018/12/23 17:25,192,194,1.042
2018/12/23 17:25,2018/12/23 17:30,194,234,20.619
2018/12/23 17:30,2018/12/23 17:35,194,194,0
2018/12/23 17:35,2018/12/23 17:40,224,193,13.839
2018/12/23 17:40,2018/12/23 17:45,217,223,2.765
2018/12/23 17:45,2018/12/23 17:50,222,223,0.45
2018/12/23 17:50,2018/12/23 17:55,173,221,27.746
2018/12/23 17:55,2018/12/23 18:00,228,173,24.123
2018/12/23 18:00,2018/12/23 18:05,204,227,11.275
2018/12/23 18:05,2018/12/23 18:10,191,227,18.848
2018/12/23 18:10,2018/12/23 18:15,216,173,19.907
2018/12/23 18:15,2018/12/23 18:20,202,190,5.941
2018/12/23 18:20,2018/12/23 18:25,208,191,8.173
2018/12/23 18:25,2018/12/23 18:30,188,208,10.638
2018/12/23 18:30,2018/12/23 18:35,181,188,3.867
2018/12/23 18:35,2018/12/23 18:40,181,180,0.552
2018/12/23 18:40,2018/12/23 18:45,186,180,3.226
2018/12/23 18:45,2018/12/23 18:50,190,203,6.842
2018/12/23 18:50,2018/12/23 18:55,190,190,0
2018/12/23 18:55,2018/12/23 19:00,166,190,14.458
2018/12/23 19:00,2018/12/23 19:05,146,165,13.014
2018/12/23 19:05,2018/12/23 19:10,147,146,0.68
2018/12/23 19:10,2018/12/23 19:15,171,189,10.526
2018/12/23 19:15,2018/12/23 19:20,156,171,9.615
2018/12/23 19:20,2018/12/23 19:25,154,189,22.727
2018/12/23 19:25,2018/12/23 19:30,150,153,2
2018/12/23 19:30,2018/12/23 19:35,107,153,42.991
2018/12/23 19:35,2018/12/23 19:40,140,107,23.571
2018/12/23 19:40,2018/12/23 19:45,128,171,33.594
2018/12/23 19:45,2018/12/23 19:50,105,128,21.905
2018/12/23 19:50,2018/12/23 19:55,139,105,24.46
2018/12/23 19:55,2018/12/23 20:00,117,104,11.111
2018/12/23 20:00,2018/12/23 20:05,121,117,3.306
2018/12/23 20:05,2018/12/23 20:10,107,116,8.411
2018/12/23 20:10,2018/12/23 20:15,140,106,24.286
2018/12/23 20:15,2018/12/23 20:20,114,139,21.93
2018/12/23 20:20,2018/12/23 20:25,98,114,16.327
2018/12/23 20:25,2018/12/23 20:30,134,98,26.866
2018/12/23 20:30,2018/12/23 20:35,116,133,14.655
2018/12/23 20:35,2018/12/23 20:40,102,133,30.392
2018/12/23 20:40,2018/12/23 20:45,125,101,19.2
2018/12/23 20:45,2018/12/23 20:50,101,124,22.772
2018/12/23 20:50,2018/12/23 20:55,123,124,0.813
2018/12/23 20:55,2018/12/23 21:00,110,101,8.182
2018/12/23 21:00,2018/12/23 21:05,82,101,23.171
2018/12/23 21:05,2018/12/23 21:10,111,110,0.901
2018/12/23 21:10,2018/12/23 21:15,105,122,16.19
2018/12/23 21:15,2018/12/23 21:20,89,104,16.854
2018/12/23 21:20,2018/12/23 21:25,80,88,10
2018/12/23 21:25,2018/12/23 21:30,98,88,10.204
2018/12/23 21:30,2018/12/23 21:35,100,80,20
2018/12/23 21:35,2018/12/23 21:40,85,89,4.706
2018/12/23 21:40,2018/12/23 21:45,84,84,0
2018/12/23 21:45,2018/12/23 21:50,75,79,5.333
2018/12/23 21:50,2018/12/23 21:55,74,85,14.865
2018/12/23 21:55,2018/12/23 22:00,88,74,15.909
2018/12/23 22:00,2018/12/23 22:05,64,74,15.625
2018/12/23 22:05,2018/12/23 22:10,71,64,9.859
2018/12/23 22:10,2018/12/23 22:15,67,63,5.97
2018/12/23 22:15,2018/12/23 22:20,75,84,12
2018/12/23 22:20,2018/12/23 22:25,56,67,19.643
2018/12/23 22:25,2018/12/23 22:30,58,97,67.241
2018/12/23 22:30,2018/12/23 22:35,73,57,21.918
2018/12/23 22:35,2018/12/23 22:40,70,67,4.286
2018/12/23 22:40,2018/12/23 22:45,55,66,20
2018/12/23 22:45,2018/12/23 22:50,61,72,18.033
2018/12/23 22:50,2018/12/23 22:55,49,54,10.204
2018/12/23 22:55,2018/12/23 23:00,47,72,53.191
2018/12/23 23:00,2018/12/23 23:05,42,60,42.857
2018/12/23 23:05,2018/12/23 23:10,48,70,45.833
2018/12/23 23:10,2018/12/23 23:15,47,60,27.66
2018/12/23 23:15,2018/12/23 23:20,54,47,12.963
2018/12/23 23:20,2018/12/23 23:25,47,47,0
2018/12/23 23:25,2018/12/23 23:30,39,47,20.513
2018/12/23 23:30,2018/12/23 23:35,51,39,23.529
2018/12/23 23:35,2018/12/23 23:40,39,46,17.949
2018/12/23 23:40,2018/12/23 23:45,46,53,15.217
2018/12/23 23:45,2018/12/23 23:50,40,46,15
2018/12/23 23:50,2018/12/23 23:55,37,46,24.324
2018/12/22 0:00,2018/12/22 0:05,42,42,0
2018/12/22 0:05,2018/12/22 0:10,29,31,6.897
2018/12/22 0:10,2018/12/22 0:15,38,37,2.632
2018/12/22 0:15,2018/12/22 0:20,38,37,2.632
2018/12/22 0:20,2018/12/22 0:25,59,38,35.593
2018/12/22 0:25,2018/12/22 0:30,35,53,51.429
2018/12/22 0:30,2018/12/22 0:35,43,58,34.884
2018/12/22 0:35,2018/12/22 0:40,40,43,7.5
2018/12/22 0:40,2018/12/22 0:45,44,43,2.273
2018/12/22 0:45,2018/12/22 0:50,40,54,35
2018/12/22 0:50,2018/12/22 0:55,29,42,44.828
2018/12/22 0:55,2018/12/22 1:00,38,42,10.526
2018/12/22 1:00,2018/12/22 1:05,31,29,6.452
2018/12/22 1:05,2018/12/22 1:10,25,37,48
2018/12/22 1:10,2018/12/22 1:15,24,37,54.167
2018/12/22 1:15,2018/12/22 1:20,28,29,3.571
2018/12/22 1:20,2018/12/22 1:25,38,37,2.632
2018/12/22 1:25,2018/12/22 1:30,33,27,18.182
2018/12/22 1:30,2018/12/22 1:35,28,41,46.429
2018/12/22 1:35,2018/12/22 1:40,26,24,7.692
2018/12/22 1:40,2018/12/22 1:45,29,26,10.345
2018/12/22 1:45,2018/12/22 1:50,25,29,16
2018/12/22 1:50,2018/12/22 1:55,22,32,45.455
2018/12/22 1:55,2018/12/22 2:00,30,25,16.667
2018/12/22 2:00,2018/12/22 2:05,34,22,35.294
2018/12/22 2:05,2018/12/22 2:10,31,33,6.452
2018/12/22 2:10,2018/12/22 2:15,39,28,28.205
2018/12/22 2:15,2018/12/22 2:20,18,31,72.222
2018/12/22 2:20,2018/12/22 2:25,29,33,13.793
2018/12/22 2:25,2018/12/22 2:30,25,29,16
2018/12/22 2:30,2018/12/22 2:35,22,30,36.364
2018/12/22 2:35,2018/12/22 2:40,28,28,0
2018/12/22 2:40,2018/12/22 2:45,31,29,6.452
2018/12/22 2:45,2018/12/22 2:50,29,28,3.448
2018/12/22 2:50,2018/12/22 2:55,22,25,13.636
2018/12/22 2:55,2018/12/22 3:00,42,22,47.619
2018/12/22 3:00,2018/12/22 3:05,17,29,70.588
2018/12/22 3:05,2018/12/22 3:10,34,21,38.235
2018/12/22 3:10,2018/12/22 3:15,28,33,17.857
2018/12/22 3:15,2018/12/22 3:20,34,30,11.765
2018/12/22 3:20,2018/12/22 3:25,26,25,3.846
2018/12/22 3:25,2018/12/22 3:30,34,34,0
2018/12/22 3:30,2018/12/22 3:35,24,25,4.167
2018/12/22 3:35,2018/12/22 3:40,25,41,64
2018/12/22 3:40,2018/12/22 3:45,27,25,7.407
2018/12/22 3:45,2018/12/22 3:50,48,27,43.75
2018/12/22 3:50,2018/12/22 3:55,22,48,118.182
2018/12/22 3:55,2018/12/22 4:00,33,23,30.303
2018/12/22 4:00,2018/12/22 4:05,25,33,32
2018/12/22 4:05,2018/12/22 4:10,30,25,16.667
2018/12/22 4:10,2018/12/22 4:15,32,29,9.375
2018/12/22 4:15,2018/12/22 4:20,33,33,0
2018/12/22 4:20,2018/12/22 4:25,35,33,5.714
2018/12/22 4:25,2018/12/22 4:30,40,33,17.5
2018/12/22 4:30,2018/12/22 4:35,20,31,55
2018/12/22 4:35,2018/12/22 4:40,42,31,26.19
2018/12/22 4:40,2018/12/22 4:45,33,29,12.121
2018/12/22 4:45,2018/12/22 4:50,26,31,19.231
2018/12/22 4:50,2018/12/22 4:55,35,39,11.429
2018/12/22 4:55,2018/12/22 5:00,49,26,46.939
2018/12/22 5:00,2018/12/22 5:05,25,39,56
2018/12/22 5:05,2018/12/22 5:10,49,25,48.98
2018/12/22 5:10,2018/12/22 5:15,44,49,11.364
2018/12/22 5:15,2018/12/22 5:20,46,39,15.217
2018/12/22 5:20,2018/12/22 5:25,54,49,9.259
2018/12/22 5:25,2018/12/22 5:30,44,45,2.273
2018/12/22 5:30,2018/12/22 5:35,40,25,37.5
2018/12/22 5:35,2018/12/22 5:40,53,45,15.094
2018/12/22 5:40,2018/12/22 5:45,42,48,14.286
2018/12/22 5:45,2018/12/22 5:50,49,40,18.367
2018/12/22 5:50,2018/12/22 5:55,73,25,65.753
2018/12/22 5:55,2018/12/22 6:00,49,54,10.204
2018/12/22 6:00,2018/12/22 6:05,66,52,21.212
2018/12/22 6:05,2018/12/22 6:10,47,42,10.638
2018/12/22 6:10,2018/12/22 6:15,59,48,18.644
2018/12/22 6:15,2018/12/22 6:20,65,42,35.385
2018/12/22 6:20,2018/12/22 6:25,56,64,14.286
2018/12/22 6:25,2018/12/22 6:30,60,42,30
2018/12/22 6:30,2018/12/22 6:35,62,64,3.226
2018/12/22 6:35,2018/12/22 6:40,45,62,37.778
2018/12/22 6:40,2018/12/22 6:45,75,65,13.333
2018/12/22 6:45,2018/12/22 6:50,72,64,11.111
2018/12/22 6:50,2018/12/22 6:55,79,72,8.861
2018/12/22 6:55,2018/12/22 7:00,79,64,18.987
2018/12/22 7:00,2018/12/22 7:05,83,60,27.711
2018/12/22 7:05,2018/12/22 7:10,99,72,27.273
2018/12/22 7:10,2018/12/22 7:15,101,98,2.97
2018/12/22 7:15,2018/12/22 7:20,103,101,1.942
2018/12/22 7:20,2018/12/22 7:25,120,82,31.667
2018/12/22 7:25,2018/12/22 7:30,117,60,48.718
2018/12/22 7:30,2018/12/22 7:35,116,103,11.207
2018/12/22 7:35,2018/12/22 7:40,139,116,16.547
2018/12/22 7:40,2018/12/22 7:45,117,117,0
2018/12/22 7:45,2018/12/22 7:50,125,117,6.4
2018/12/22 7:50,2018/12/22 7:55,134,138,2.985
2018/12/22 7:55,2018/12/22 8:00,138,138,0
2018/12/22 8:00,2018/12/22 8:05,118,100,15.254
2018/12/22 8:05,2018/12/22 8:10,122,138,13.115
2018/12/22 8:10,2018/12/22 8:15,161,122,24.224
2018/12/22 8:15,2018/12/22 8:20,173,117,32.37
2018/12/22 8:20,2018/12/22 8:25,127,122,3.937
2018/12/22 8:25,2018/12/22 8:30,149,137,8.054
2018/12/22 8:30,2018/12/22 8:35,156,149,4.487
2018/12/22 8:35,2018/12/22 8:40,158,149,5.696
2018/12/22 8:40,2018/12/22 8:45,157,157,0
2018/12/22 8:45,2018/12/22 8:50,158,149,5.696
2018/12/22 8:50,2018/12/22 8:55,177,157,11.299
2018/12/22 8:55,2018/12/22 9:00,155,116,25.161
2018/12/22 9:00,2018/12/22 9:05,165,154,6.667
2018/12/22 9:05,2018/12/22 9:10,167,155,7.186
2018/12/22 9:10,2018/12/22 9:15,180,119,33.889
2018/12/22 9:15,2018/12/22 9:20,186,156,16.129
2018/12/22 9:20,2018/12/22 9:25,191,180,5.759
2018/12/22 9:25,2018/12/22 9:30,190,179,5.789
2018/12/22 9:30,2018/12/22 9:35,175,167,4.571
2018/12/22 9:35,2018/12/22 9:40,191,174,8.901
2018/12/22 9:40,2018/12/22 9:45,180,118,34.444
2018/12/22 9:45,2018/12/22 9:50,203,157,22.66
2018/12/22 9:50,2018/12/22 9:55,154,202,31.169
2018/12/22 9:55,2018/12/22 10:00,169,185,9.467
2018/12/22 10:00,2018/12/22 10:05,184,175,4.891
2018/12/22 10:05,2018/12/22 10:10,223,191,14.35
2018/12/22 10:10,2018/12/22 10:15,183,169,7.65
2018/12/22 10:15,2018/12/22 10:20,206,182,11.65
2018/12/22 10:20,2018/12/22 10:25,185,184,0.541
2018/12/22 10:25,2018/12/22 10:30,184,205,11.413
2018/12/22 10:30,2018/12/22 10:35,181,223,23.204
2018/12/22 10:35,2018/12/22 10:40,198,185,6.566
2018/12/22 10:40,2018/12/22 10:45,202,197,2.475
2018/12/22 10:45,2018/12/22 10:50,171,201,17.544
2018/12/22 10:50,2018/12/22 10:55,164,183,11.585
2018/12/22 10:55,2018/12/22 11:00,184,180,2.174
2018/12/22 11:00,2018/12/22 11:05,153,170,11.111
2018/12/22 11:05,2018/12/22 11:10,201,163,18.905
2018/12/22 11:10,2018/12/22 11:15,219,171,21.918
2018/12/22 11:15,2018/12/22 11:20,207,218,5.314
2018/12/22 11:20,2018/12/22 11:25,178,183,2.809
2018/12/22 11:25,2018/12/22 11:30,198,178,10.101
2018/12/22 11:30,2018/12/22 11:35,190,178,6.316
2018/12/22 11:35,2018/12/22 11:40,168,183,8.929
2018/12/22 11:40,2018/12/22 11:45,207,178,14.01
2018/12/22 11:45,2018/12/22 11:50,169,189,11.834
2018/12/22 11:50,2018/12/22 11:55,178,190,6.742
2018/12/22 11:55,2018/12/22 12:00,167,178,6.587
2018/12/22 12:00,2018/12/22 12:05,194,177,8.763
2018/12/22 12:05,2018/12/22 12:10,194,194,0
2018/12/22 12:10,2018/12/22 12:15,179,193,7.821
2018/12/22 12:15,2018/12/22 12:20,185,177,4.324
2018/12/22 12:20,2018/12/22 12:25,165,193,16.97
2018/12/22 12:25,2018/12/22 12:30,187,165,11.765
2018/12/22 12:30,2018/12/22 12:35,203,164,19.212
2018/12/22 12:35,2018/12/22 12:40,194,165,14.948
2018/12/22 12:40,2018/12/22 12:45,158,193,22.152
2018/12/22 12:45,2018/12/22 12:50,195,193,1.026
2018/12/22 12:50,2018/12/22 12:55,161,158,1.863
2018/12/22 12:55,2018/12/22 13:00,169,161,4.734
2018/12/22 13:00,2018/12/22 13:05,187,168,10.16
2018/12/22 13:05,2018/12/22 13:10,177,187,5.65
2018/12/22 13:10,2018/12/22 13:15,186,176,5.376
2018/12/22 13:15,2018/12/22 13:20,190,185,2.632
2018/12/22 13:20,2018/12/22 13:25,199,189,5.025
2018/12/22 13:25,2018/12/22 13:30,153,190,24.183
2018/12/22 13:30,2018/12/22 13:35,187,152,18.717
2018/12/22 13:35,2018/12/22 13:40,178,153,14.045
2018/12/22 13:40,2018/12/22 13:45,193,178,7.772
2018/12/22 13:45,2018/12/22 13:50,184,177,3.804
2018/12/22 13:50,2018/12/22 13:55,198,183,7.576
2018/12/22 13:55,2018/12/22 14:00,197,198,0.508
2018/12/22 14:00,2018/12/22 14:05,205,189,7.805
2018/12/22 14:05,2018/12/22 14:10,196,183,6.633
2018/12/22 14:10,2018/12/22 14:15,200,196,2
2018/12/22 14:15,2018/12/22 14:20,218,204,6.422
2018/12/22 14:20,2018/12/22 14:25,205,177,13.659
2018/12/22 14:25,2018/12/22 14:30,203,205,0.985
2018/12/22 14:30,2018/12/22 14:35,221,203,8.145
2018/12/22 14:35,2018/12/22 14:40,199,193,3.015
2018/12/22 14:40,2018/12/22 14:45,219,221,0.913
2018/12/22 14:45,2018/12/22 14:50,200,220,10
2018/12/22 14:50,2018/12/22 14:55,200,200,0
2018/12/22 14:55,2018/12/22 15:00,185,200,8.108
2018/12/22 15:00,2018/12/22 15:05,187,184,1.604
2018/12/22 15:05,2018/12/22 15:10,210,184,12.381
2018/12/22 15:10,2018/12/22 15:15,184,209,13.587
2018/12/22 15:15,2018/12/22 15:20,204,186,8.824
2018/12/22 15:20,2018/12/22 15:25,209,204,2.392
2018/12/22 15:25,2018/12/22 15:30,200,209,4.5
2018/12/22 15:30,2018/12/22 15:35,179,199,11.173
2018/12/22 15:35,2018/12/22 15:40,214,199,7.009
2018/12/22 15:40,2018/12/22 15:45,212,200,5.66
2018/12/22 15:45,2018/12/22 15:50,173,200,15.607
2018/12/22 15:50,2018/12/22 15:55,175,200,14.286
2018/12/22 15:55,2018/12/22 16:00,158,174,10.127
2018/12/22 16:00,2018/12/22 16:05,170,157,7.647
2018/12/22 16:05,2018/12/22 16:10,231,169,26.84
2018/12/22 16:10,2018/12/22 16:15,272,169,37.868
2018/12/22 16:15,2018/12/22 16:20,240,230,4.167
2018/12/22 16:20,2018/12/22 16:25,209,271,29.665
2018/12/22 16:25,2018/12/22 16:30,200,240,20
2018/12/22 16:30,2018/12/22 16:35,251,239,4.781
2018/12/22 16:35,2018/12/22 16:40,206,251,21.845
2018/12/22 16:40,2018/12/22 16:45,214,206,3.738
2018/12/22 16:45,2018/12/22 16:50,206,206,0
2018/12/22 16:50,2018/12/22 16:55,230,205,10.87
2018/12/22 16:55,2018/12/22 17:00,211,229,8.531
2018/12/22 17:00,2018/12/22 17:05,217,211,2.765
2018/12/22 17:05,2018/12/22 17:10,248,217,12.5
2018/12/22 17:10,2018/12/22 17:15,218,229,5.046
2018/12/22 17:15,2018/12/22 17:20,216,218,0.926
2018/12/22 17:20,2018/12/22 17:25,203,215,5.911
2018/12/22 17:25,2018/12/22 17:30,193,214,10.881
2018/12/22 17:30,2018/12/22 17:35,178,193,8.427
2018/12/22 17:35,2018/12/22 17:40,200,178,11
2018/12/22 17:40,2018/12/22 17:45,205,199,2.927
2018/12/22 17:45,2018/12/22 17:50,252,199,21.032
2018/12/22 17:50,2018/12/22 17:55,197,251,27.411
2018/12/22 17:55,2018/12/22 18:00,228,196,14.035
2018/12/22 18:00,2018/12/22 18:05,240,227,5.417
2018/12/22 18:05,2018/12/22 18:10,228,227,0.439
2018/12/22 18:10,2018/12/22 18:15,220,196,10.909
2018/12/22 18:15,2018/12/22 18:20,204,228,11.765
2018/12/22 18:20,2018/12/22 18:25,166,227,36.747
2018/12/22 18:25,2018/12/22 18:30,174,166,4.598
2018/12/22 18:30,2018/12/22 18:35,122,174,42.623
2018/12/22 18:35,2018/12/22 18:40,154,122,20.779
2018/12/22 18:40,2018/12/22 18:45,182,122,32.967
2018/12/22 18:45,2018/12/22 18:50,129,239,85.271
2018/12/22 18:50,2018/12/22 18:55,149,129,13.423
2018/12/22 18:55,2018/12/22 19:00,129,148,14.729
2018/12/22 19:00,2018/12/22 19:05,114,128,12.281
2018/12/22 19:05,2018/12/22 19:10,135,113,16.296
2018/12/22 19:10,2018/12/22 19:15,115,129,12.174
2018/12/22 19:15,2018/12/22 19:20,129,115,10.853
2018/12/22 19:20,2018/12/22 19:25,136,128,5.882
2018/12/22 19:25,2018/12/22 19:30,135,135,0
2018/12/22 19:30,2018/12/22 19:35,139,135,2.878
2018/12/22 19:35,2018/12/22 19:40,124,139,12.097
2018/12/22 19:40,2018/12/22 19:45,142,114,19.718
2018/12/22 19:45,2018/12/22 19:50,122,141,15.574
2018/12/22 19:50,2018/12/22 19:55,99,122,23.232
2018/12/22 19:55,2018/12/22 20:00,82,122,48.78
2018/12/22 20:00,2018/12/22 20:05,106,82,22.642
2018/12/22 20:05,2018/12/22 20:10,100,82,18
2018/12/22 20:10,2018/12/22 20:15,108,99,8.333
2018/12/22 20:15,2018/12/22 20:20,98,108,10.204
2018/12/22 20:20,2018/12/22 20:25,117,98,16.239
2018/12/22 20:25,2018/12/22 20:30,111,116,4.505
2018/12/22 20:30,2018/12/22 20:35,101,110,8.911
2018/12/22 20:35,2018/12/22 20:40,91,110,20.879
2018/12/22 20:40,2018/12/22 20:45,97,90,7.216
2018/12/22 20:45,2018/12/22 20:50,106,96,9.434
2018/12/22 20:50,2018/12/22 20:55,98,96,2.041
2018/12/22 20:55,2018/12/22 21:00,102,105,2.941
2018/12/22 21:00,2018/12/22 21:05,107,105,1.869
2018/12/22 21:05,2018/12/22 21:10,89,101,13.483
2018/12/22 21:10,2018/12/22 21:15,79,97,22.785
2018/12/22 21:15,2018/12/22 21:20,90,79,12.222
2018/12/22 21:20,2018/12/22 21:25,77,89,15.584
2018/12/22 21:25,2018/12/22 21:30,98,90,8.163
2018/12/22 21:30,2018/12/22 21:35,74,76,2.703
2018/12/22 21:35,2018/12/22 21:40,93,89,4.301
2018/12/22 21:40,2018/12/22 21:45,82,93,13.415
2018/12/22 21:45,2018/12/22 21:50,68,76,11.765
2018/12/22 21:50,2018/12/22 21:55,58,92,58.621
2018/12/22 21:55,2018/12/22 22:00,65,58,10.769
2018/12/22 22:00,2018/12/22 22:05,68,68,0
2018/12/22 22:05,2018/12/22 22:10,86,68,20.93
2018/12/22 22:10,2018/12/22 22:15,82,67,18.293
2018/12/22 22:15,2018/12/22 22:20,69,81,17.391
2018/12/22 22:20,2018/12/22 22:25,63,81,28.571
2018/12/22 22:25,2018/12/22 22:30,67,97,44.776
2018/12/22 22:30,2018/12/22 22:35,48,67,39.583
2018/12/22 22:35,2018/12/22 22:40,50,81,62
2018/12/22 22:40,2018/12/22 22:45,56,81,44.643
2018/12/22 22:45,2018/12/22 22:50,51,48,5.882
2018/12/22 22:50,2018/12/22 22:55,51,55,7.843
2018/12/22 22:55,2018/12/22 23:00,50,48,4
2018/12/22 23:00,2018/12/22 23:05,43,51,18.605
2018/12/22 23:05,2018/12/22 23:10,40,49,22.5
2018/12/22 23:10,2018/12/22 23:15,44,50,13.636
2018/12/22 23:15,2018/12/22 23:20,38,40,5.263
2018/12/22 23:20,2018/12/22 23:25,41,44,7.317
2018/12/22 23:25,2018/12/22 23:30,45,39,13.333
2018/12/22 23:30,2018/12/22 23:35,38,44,15.789
2018/12/22 23:35,2018/12/22 23:40,46,41,10.87
2018/12/22 23:40,2018/12/22 23:45,38,37,2.632
2018/12/22 23:45,2018/12/22 23:50,27,43,59.259
2018/12/22 23:50,2018/12/22 23:55,31,49,58.065
2018/12/21 0:00,2018/12/21 0:05,37,41,10.811
2018/12/21 0:05,2018/12/21 0:10,52,37,28.846
2018/12/21 0:10,2018/12/21 0:15,42,37,11.905
2018/12/21 0:15,2018/12/21 0:20,36,43,19.444
2018/12/21 0:20,2018/12/21 0:25,42,28,33.333
2018/12/21 0:25,2018/12/21 0:30,50,50,0
2018/12/21 0:30,2018/12/21 0:35,54,41,24.074
2018/12/21 0:35,2018/12/21 0:40,43,42,2.326
2018/12/21 0:40,2018/12/21 0:45,39,51,30.769
2018/12/21 0:45,2018/12/21 0:50,33,60,81.818
2018/12/21 0:50,2018/12/21 0:55,34,49,44.118
2018/12/21 0:55,2018/12/21 1:00,31,41,32.258
2018/12/21 1:00,2018/12/21 1:05,28,30,7.143
2018/12/21 1:05,2018/12/21 1:10,36,33,8.333
2018/12/21 1:10,2018/12/21 1:15,22,36,63.636
2018/12/21 1:15,2018/12/21 1:20,30,53,76.667
2018/12/21 1:20,2018/12/21 1:25,32,27,15.625
2018/12/21 1:25,2018/12/21 1:30,23,32,39.13
2018/12/21 1:30,2018/12/21 1:35,23,39,69.565
2018/12/21 1:35,2018/12/21 1:40,18,31,72.222
2018/12/21 1:40,2018/12/21 1:45,33,31,6.061
2018/12/21 1:45,2018/12/21 1:50,25,29,16
2018/12/21 1:50,2018/12/21 1:55,31,24,22.581
2018/12/21 1:55,2018/12/21 2:00,40,22,45
2018/12/21 2:00,2018/12/21 2:05,39,32,17.949
2018/12/21 2:05,2018/12/21 2:10,30,39,30
2018/12/21 2:10,2018/12/21 2:15,41,32,21.951
2018/12/21 2:15,2018/12/21 2:20,33,38,15.152
2018/12/21 2:20,2018/12/21 2:25,27,38,40.741
2018/12/21 2:25,2018/12/21 2:30,33,39,18.182
2018/12/21 2:30,2018/12/21 2:35,46,26,43.478
2018/12/21 2:35,2018/12/21 2:40,24,39,62.5
2018/12/21 2:40,2018/12/21 2:45,33,45,36.364
2018/12/21 2:45,2018/12/21 2:50,34,24,29.412
2018/12/21 2:50,2018/12/21 2:55,18,33,83.333
2018/12/21 2:55,2018/12/21 3:00,29,32,10.345
2018/12/21 3:00,2018/12/21 3:05,36,27,25
2018/12/21 3:05,2018/12/21 3:10,26,35,34.615
2018/12/21 3:10,2018/12/21 3:15,31,36,16.129
2018/12/21 3:15,2018/12/21 3:20,33,26,21.212
2018/12/21 3:20,2018/12/21 3:25,36,33,8.333
2018/12/21 3:25,2018/12/21 3:30,22,36,63.636
2018/12/21 3:30,2018/12/21 3:35,36,35,2.778
2018/12/21 3:35,2018/12/21 3:40,39,35,10.256
2018/12/21 3:40,2018/12/21 3:45,29,34,17.241
2018/12/21 3:45,2018/12/21 3:50,28,29,3.571
2018/12/21 3:50,2018/12/21 3:55,33,46,39.394
2018/12/21 3:55,2018/12/21 4:00,36,33,8.333
2018/12/21 4:00,2018/12/21 4:05,35,35,0
2018/12/21 4:05,2018/12/21 4:10,35,28,20
2018/12/21 4:10,2018/12/21 4:15,36,26,27.778
2018/12/21 4:15,2018/12/21 4:20,34,35,2.941
2018/12/21 4:20,2018/12/21 4:25,33,32,3.03
2018/12/21 4:25,2018/12/21 4:30,39,35,10.256
2018/12/21 4:30,2018/12/21 4:35,37,32,13.514
2018/12/21 4:35,2018/12/21 4:40,35,38,8.571
2018/12/21 4:40,2018/12/21 4:45,35,35,0
2018/12/21 4:45,2018/12/21 4:50,33,35,6.061
2018/12/21 4:50,2018/12/21 4:55,34,33,2.941
2018/12/21 4:55,2018/12/21 5:00,29,37,27.586
2018/12/21 5:00,2018/12/21 5:05,52,32,38.462
2018/12/21 5:05,2018/12/21 5:10,42,51,21.429
2018/12/21 5:10,2018/12/21 5:15,47,33,29.787
2018/12/21 5:15,2018/12/21 5:20,44,46,4.545
2018/12/21 5:20,2018/12/21 5:25,44,34,22.727
2018/12/21 5:25,2018/12/21 5:30,37,44,18.919
2018/12/21 5:30,2018/12/21 5:35,45,41,8.889
2018/12/21 5:35,2018/12/21 5:40,59,35,40.678
2018/12/21 5:40,2018/12/21 5:45,59,37,37.288
2018/12/21 5:45,2018/12/21 5:50,58,44,24.138
2018/12/21 5:50,2018/12/21 5:55,57,42,26.316
2018/12/21 5:55,2018/12/21 6:00,65,44,32.308
2018/12/21 6:00,2018/12/21 6:05,56,65,16.071
2018/12/21 6:05,2018/12/21 6:10,71,58,18.31
2018/12/21 6:10,2018/12/21 6:15,56,56,0
2018/12/21 6:15,2018/12/21 6:20,75,71,5.333
2018/12/21 6:20,2018/12/21 6:25,72,74,2.778
2018/12/21 6:25,2018/12/21 6:30,93,56,39.785
2018/12/21 6:30,2018/12/21 6:35,89,93,4.494
2018/12/21 6:35,2018/12/21 6:40,68,92,35.294
2018/12/21 6:40,2018/12/21 6:45,78,70,10.256
2018/12/21 6:45,2018/12/21 6:50,70,78,11.429
2018/12/21 6:50,2018/12/21 6:55,80,77,3.75
2018/12/21 6:55,2018/12/21 7:00,83,69,16.867
2018/12/21 7:00,2018/12/21 7:05,95,83,12.632
2018/12/21 7:05,2018/12/21 7:10,124,94,24.194
2018/12/21 7:10,2018/12/21 7:15,113,94,16.814
2018/12/21 7:15,2018/12/21 7:20,136,82,39.706
2018/12/21 7:20,2018/12/21 7:25,145,112,22.759
2018/12/21 7:25,2018/12/21 7:30,140,83,40.714
2018/12/21 7:30,2018/12/21 7:35,163,140,14.11
2018/12/21 7:35,2018/12/21 7:40,161,144,10.559
2018/12/21 7:40,2018/12/21 7:45,176,162,7.955
2018/12/21 7:45,2018/12/21 7:50,177,144,18.644
2018/12/21 7:50,2018/12/21 7:55,158,176,11.392
2018/12/21 7:55,2018/12/21 8:00,189,144,23.81
2018/12/21 8:00,2018/12/21 8:05,189,175,7.407
2018/12/21 8:05,2018/12/21 8:10,175,188,7.429
2018/12/21 8:10,2018/12/21 8:15,191,189,1.047
2018/12/21 8:15,2018/12/21 8:20,190,175,7.895
2018/12/21 8:20,2018/12/21 8:25,203,190,6.404
2018/12/21 8:25,2018/12/21 8:30,189,203,7.407
2018/12/21 8:30,2018/12/21 8:35,210,189,10
2018/12/21 8:35,2018/12/21 8:40,222,189,14.865
2018/12/21 8:40,2018/12/21 8:45,219,209,4.566
2018/12/21 8:45,2018/12/21 8:50,211,218,3.318
2018/12/21 8:50,2018/12/21 8:55,200,209,4.5
2018/12/21 8:55,2018/12/21 9:00,231,199,13.853
2018/12/21 9:00,2018/12/21 9:05,217,174,19.816
2018/12/21 9:05,2018/12/21 9:10,207,199,3.865
2018/12/21 9:10,2018/12/21 9:15,203,221,8.867
2018/12/21 9:15,2018/12/21 9:20,192,203,5.729
2018/12/21 9:20,2018/12/21 9:25,207,230,11.111
2018/12/21 9:25,2018/12/21 9:30,179,206,15.084
2018/12/21 9:30,2018/12/21 9:35,221,178,19.457
2018/12/21 9:35,2018/12/21 9:40,184,217,17.935
2018/12/21 9:40,2018/12/21 9:45,199,216,8.543
2018/12/21 9:45,2018/12/21 9:50,204,192,5.882
2018/12/21 9:50,2018/12/21 9:55,207,216,4.348
2018/12/21 9:55,2018/12/21 10:00,196,198,1.02
2018/12/21 10:00,2018/12/21 10:05,179,196,9.497
2018/12/21 10:05,2018/12/21 10:10,197,204,3.553
2018/12/21 10:10,2018/12/21 10:15,196,196,0
2018/12/21 10:15,2018/12/21 10:20,192,217,13.021
2018/12/21 10:20,2018/12/21 10:25,215,178,17.209
2018/12/21 10:25,2018/12/21 10:30,195,192,1.538
2018/12/21 10:30,2018/12/21 10:35,206,196,4.854
2018/12/21 10:35,2018/12/21 10:40,198,205,3.535
2018/12/21 10:40,2018/12/21 10:45,177,205,15.819
2018/12/21 10:45,2018/12/21 10:50,190,195,2.632
2018/12/21 10:50,2018/12/21 10:55,185,189,2.162
2018/12/21 10:55,2018/12/21 11:00,162,205,26.543
2018/12/21 11:00,2018/12/21 11:05,171,184,7.602
2018/12/21 11:05,2018/12/21 11:10,176,189,7.386
2018/12/21 11:10,2018/12/21 11:15,174,185,6.322
2018/12/21 11:15,2018/12/21 11:20,171,174,1.754
2018/12/21 11:20,2018/12/21 11:25,180,170,5.556
2018/12/21 11:25,2018/12/21 11:30,177,175,1.13
2018/12/21 11:30,2018/12/21 11:35,182,173,4.945
2018/12/21 11:35,2018/12/21 11:40,144,170,18.056
2018/12/21 11:40,2018/12/21 11:45,155,170,9.677
2018/12/21 11:45,2018/12/21 11:50,169,155,8.284
2018/12/21 11:50,2018/12/21 11:55,155,154,0.645
2018/12/21 11:55,2018/12/21 12:00,154,155,0.649
2018/12/21 12:00,2018/12/21 12:05,152,170,11.842
2018/12/21 12:05,2018/12/21 12:10,165,169,2.424
2018/12/21 12:10,2018/12/21 12:15,153,154,0.654
2018/12/21 12:15,2018/12/21 12:20,186,153,17.742
2018/12/21 12:20,2018/12/21 12:25,204,185,9.314
2018/12/21 12:25,2018/12/21 12:30,180,203,12.778
2018/12/21 12:30,2018/12/21 12:35,189,203,7.407
2018/12/21 12:35,2018/12/21 12:40,196,151,22.959
2018/12/21 12:40,2018/12/21 12:45,201,203,0.995
2018/12/21 12:45,2018/12/21 12:50,187,200,6.952
2018/12/21 12:50,2018/12/21 12:55,205,187,8.78
2018/12/21 12:55,2018/12/21 13:00,214,204,4.673
2018/12/21 13:00,2018/12/21 13:05,177,186,5.085
2018/12/21 13:05,2018/12/21 13:10,203,177,12.808
2018/12/21 13:10,2018/12/21 13:15,209,177,15.311
2018/12/21 13:15,2018/12/21 13:20,163,208,27.607
2018/12/21 13:20,2018/12/21 13:25,188,208,10.638
2018/12/21 13:25,2018/12/21 13:30,198,202,2.02
2018/12/21 13:30,2018/12/21 13:35,173,163,5.78
2018/12/21 13:35,2018/12/21 13:40,163,209,28.221
2018/12/21 13:40,2018/12/21 13:45,206,197,4.369
2018/12/21 13:45,2018/12/21 13:50,177,163,7.91
2018/12/21 13:50,2018/12/21 13:55,178,205,15.169
2018/12/21 13:55,2018/12/21 14:00,197,178,9.645
2018/12/21 14:00,2018/12/21 14:05,174,163,6.322
2018/12/21 14:05,2018/12/21 14:10,222,173,22.072
2018/12/21 14:10,2018/12/21 14:15,230,188,18.261
2018/12/21 14:15,2018/12/21 14:20,210,230,9.524
2018/12/21 14:20,2018/12/21 14:25,197,173,12.183
2018/12/21 14:25,2018/12/21 14:30,223,197,11.659
2018/12/21 14:30,2018/12/21 14:35,238,209,12.185
2018/12/21 14:35,2018/12/21 14:40,212,209,1.415
2018/12/21 14:40,2018/12/21 14:45,223,221,0.897
2018/12/21 14:45,2018/12/21 14:50,205,237,15.61
2018/12/21 14:50,2018/12/21 14:55,219,237,8.219
2018/12/21 14:55,2018/12/21 15:00,219,237,8.219
2018/12/21 15:00,2018/12/21 15:05,216,219,1.389
2018/12/21 15:05,2018/12/21 15:10,222,204,8.108
2018/12/21 15:10,2018/12/21 15:15,223,221,0.897
2018/12/21 15:15,2018/12/21 15:20,228,221,3.07
2018/12/21 15:20,2018/12/21 15:25,217,228,5.069
2018/12/21 15:25,2018/12/21 15:30,194,222,14.433
2018/12/21 15:30,2018/12/21 15:35,228,194,14.912
2018/12/21 15:35,2018/12/21 15:40,228,194,14.912
2018/12/21 15:40,2018/12/21 15:45,226,221,2.212
2018/12/21 15:45,2018/12/21 15:50,193,225,16.58
2018/12/21 15:50,2018/12/21 15:55,191,227,18.848
2018/12/21 15:55,2018/12/21 16:00,197,193,2.03
2018/12/21 16:00,2018/12/21 16:05,200,193,3.5
2018/12/21 16:05,2018/12/21 16:10,232,215,7.328
2018/12/21 16:10,2018/12/21 16:15,222,231,4.054
2018/12/21 16:15,2018/12/21 16:20,231,194,16.017
2018/12/21 16:20,2018/12/21 16:25,216,194,10.185
2018/12/21 16:25,2018/12/21 16:30,237,216,8.861
2018/12/21 16:30,2018/12/21 16:35,208,227,9.135
2018/12/21 16:35,2018/12/21 16:40,227,197,13.216
2018/12/21 16:40,2018/12/21 16:45,234,215,8.12
2018/12/21 16:45,2018/12/21 16:50,220,227,3.182
2018/12/21 16:50,2018/12/21 16:55,219,237,8.219
2018/12/21 16:55,2018/12/21 17:00,240,218,9.167
2018/12/21 17:00,2018/12/21 17:05,243,236,2.881
2018/12/21 17:05,2018/12/21 17:10,241,242,0.415
2018/12/21 17:10,2018/12/21 17:15,262,240,8.397
2018/12/21 17:15,2018/12/21 17:20,207,261,26.087
2018/12/21 17:20,2018/12/21 17:25,208,218,4.808
2018/12/21 17:25,2018/12/21 17:30,257,262,1.946
2018/12/21 17:30,2018/12/21 17:35,228,256,12.281
2018/12/21 17:35,2018/12/21 17:40,241,208,13.693
2018/12/21 17:40,2018/12/21 17:45,225,207,8
2018/12/21 17:45,2018/12/21 17:50,277,207,25.271
2018/12/21 17:50,2018/12/21 17:55,235,242,2.979
2018/12/21 17:55,2018/12/21 18:00,239,235,1.674
2018/12/21 18:00,2018/12/21 18:05,243,261,7.407
2018/12/21 18:05,2018/12/21 18:10,225,276,22.667
2018/12/21 18:10,2018/12/21 18:15,226,242,7.08
2018/12/21 18:15,2018/12/21 18:20,246,276,12.195
2018/12/21 18:20,2018/12/21 18:25,228,277,21.491
2018/12/21 18:25,2018/12/21 18:30,240,225,6.25
2018/12/21 18:30,2018/12/21 18:35,231,225,2.597
2018/12/21 18:35,2018/12/21 18:40,255,230,9.804
2018/12/21 18:40,2018/12/21 18:45,251,227,9.562
2018/12/21 18:45,2018/12/21 18:50,233,254,9.013
2018/12/21 18:50,2018/12/21 18:55,229,233,1.747
2018/12/21 18:55,2018/12/21 19:00,208,232,11.538
2018/12/21 19:00,2018/12/21 19:05,225,208,7.556
2018/12/21 19:05,2018/12/21 19:10,192,228,18.75
2018/12/21 19:10,2018/12/21 19:15,204,208,1.961
2018/12/21 19:15,2018/12/21 19:20,181,203,12.155
2018/12/21 19:20,2018/12/21 19:25,141,204,44.681
2018/12/21 19:25,2018/12/21 19:30,149,204,36.913
2018/12/21 19:30,2018/12/21 19:35,154,149,3.247
2018/12/21 19:35,2018/12/21 19:40,136,148,8.824
2018/12/21 19:40,2018/12/21 19:45,150,192,28
2018/12/21 19:45,2018/12/21 19:50,130,181,39.231
2018/12/21 19:50,2018/12/21 19:55,162,149,8.025
2018/12/21 19:55,2018/12/21 20:00,134,130,2.985
2018/12/21 20:00,2018/12/21 20:05,118,149,26.271
2018/12/21 20:05,2018/12/21 20:10,134,118,11.94
2018/12/21 20:10,2018/12/21 20:15,121,118,2.479
2018/12/21 20:15,2018/12/21 20:20,96,121,26.042
2018/12/21 20:20,2018/12/21 20:25,122,161,31.967
2018/12/21 20:25,2018/12/21 20:30,100,117,17
2018/12/21 20:30,2018/12/21 20:35,101,122,20.792
2018/12/21 20:35,2018/12/21 20:40,100,99,1
2018/12/21 20:40,2018/12/21 20:45,94,100,6.383
2018/12/21 20:45,2018/12/21 20:50,81,100,23.457
2018/12/21 20:50,2018/12/21 20:55,98,161,64.286
2018/12/21 20:55,2018/12/21 21:00,94,95,1.064
2018/12/21 21:00,2018/12/21 21:05,105,97,7.619
2018/12/21 21:05,2018/12/21 21:10,114,104,8.772
2018/12/21 21:10,2018/12/21 21:15,94,98,4.255
2018/12/21 21:15,2018/12/21 21:20,111,104,6.306
2018/12/21 21:20,2018/12/21 21:25,83,104,25.301
2018/12/21 21:25,2018/12/21 21:30,118,97,17.797
2018/12/21 21:30,2018/12/21 21:35,99,118,19.192
2018/12/21 21:35,2018/12/21 21:40,77,83,7.792
2018/12/21 21:40,2018/12/21 21:45,81,77,4.938
2018/12/21 21:45,2018/12/21 21:50,58,83,43.103
2018/12/21 21:50,2018/12/21 21:55,78,110,41.026
2018/12/21 21:55,2018/12/21 22:00,78,98,25.641
2018/12/21 22:00,2018/12/21 22:05,81,58,28.395
2018/12/21 22:05,2018/12/21 22:10,58,80,37.931
2018/12/21 22:10,2018/12/21 22:15,81,77,4.938
2018/12/21 22:15,2018/12/21 22:20,87,80,8.046
2018/12/21 22:20,2018/12/21 22:25,63,58,7.937
2018/12/21 22:25,2018/12/21 22:30,62,63,1.613
2018/12/21 22:30,2018/12/21 22:35,51,86,68.627
2018/12/21 22:35,2018/12/21 22:40,55,113,105.455
2018/12/21 22:40,2018/12/21 22:45,77,54,29.87
2018/12/21 22:45,2018/12/21 22:50,59,78,32.203
2018/12/21 22:50,2018/12/21 22:55,54,54,0
2018/12/21 22:55,2018/12/21 23:00,65,54,16.923
2018/12/21 23:00,2018/12/21 23:05,57,54,5.263
2018/12/21 23:05,2018/12/21 23:10,51,54,5.882
2018/12/21 23:10,2018/12/21 23:15,45,76,68.889
2018/12/21 23:15,2018/12/21 23:20,42,54,28.571
2018/12/21 23:20,2018/12/21 23:25,46,58,26.087
2018/12/21 23:25,2018/12/21 23:30,44,46,4.545
2018/12/21 23:30,2018/12/21 23:35,48,45,6.25
2018/12/21 23:35,2018/12/21 23:40,55,51,7.273
2018/12/21 23:40,2018/12/21 23:45,49,54,10.204
2018/12/21 23:45,2018/12/21 23:50,37,43,16.216
2018/12/21 23:50,2018/12/21 23:55,54,47,12.963
2018/12/20 0:00,2018/12/20 0:05,41,39,4.878
2018/12/20 0:05,2018/12/20 0:10,40,40,0
2018/12/20 0:10,2018/12/20 0:15,37,40,8.108
2018/12/20 0:15,2018/12/20 0:20,44,42,4.545
2018/12/20 0:20,2018/12/20 0:25,37,42,13.514
2018/12/20 0:25,2018/12/20 0:30,29,44,51.724
2018/12/20 0:30,2018/12/20 0:35,33,37,12.121
2018/12/20 0:35,2018/12/20 0:40,36,36,0
2018/12/20 0:40,2018/12/20 0:45,42,39,7.143
2018/12/20 0:45,2018/12/20 0:50,28,37,32.143
2018/12/20 0:50,2018/12/20 0:55,35,29,17.143
2018/12/20 0:55,2018/12/20 1:00,28,36,28.571
2018/12/20 1:00,2018/12/20 1:05,34,28,17.647
2018/12/20 1:05,2018/12/20 1:10,26,34,30.769
2018/12/20 1:10,2018/12/20 1:15,26,43,65.385
2018/12/20 1:15,2018/12/20 1:20,29,33,13.793
2018/12/20 1:20,2018/12/20 1:25,27,33,22.222
2018/12/20 1:25,2018/12/20 1:30,25,27,8
2018/12/20 1:30,2018/12/20 1:35,20,41,105
2018/12/20 1:35,2018/12/20 1:40,34,27,20.588
2018/12/20 1:40,2018/12/20 1:45,39,27,30.769
2018/12/20 1:45,2018/12/20 1:50,46,28,39.13
2018/12/20 1:50,2018/12/20 1:55,24,45,87.5
2018/12/20 1:55,2018/12/20 2:00,28,19,32.143
2018/12/20 2:00,2018/12/20 2:05,21,38,80.952
2018/12/20 2:05,2018/12/20 2:10,38,27,28.947
2018/12/20 2:10,2018/12/20 2:15,27,38,40.741
2018/12/20 2:15,2018/12/20 2:20,26,21,19.231
2018/12/20 2:20,2018/12/20 2:25,22,21,4.545
2018/12/20 2:25,2018/12/20 2:30,31,21,32.258
2018/12/20 2:30,2018/12/20 2:35,29,22,24.138
2018/12/20 2:35,2018/12/20 2:40,37,28,24.324
2018/12/20 2:40,2018/12/20 2:45,23,28,21.739
2018/12/20 2:45,2018/12/20 2:50,17,37,117.647
2018/12/20 2:50,2018/12/20 2:55,29,34,17.241
2018/12/20 2:55,2018/12/20 3:00,29,23,20.69
2018/12/20 3:00,2018/12/20 3:05,19,21,10.526
2018/12/20 3:05,2018/12/20 3:10,20,18,10
2018/12/20 3:10,2018/12/20 3:15,29,18,37.931
2018/12/20 3:15,2018/12/20 3:20,24,20,16.667
2018/12/20 3:20,2018/12/20 3:25,37,23,37.838
2018/12/20 3:25,2018/12/20 3:30,27,36,33.333
2018/12/20 3:30,2018/12/20 3:35,30,19,36.667
2018/12/20 3:35,2018/12/20 3:40,21,37,76.19
2018/12/20 3:40,2018/12/20 3:45,40,16,60
2018/12/20 3:45,2018/12/20 3:50,50,39,22
2018/12/20 3:50,2018/12/20 3:55,29,28,3.448
2018/12/20 3:55,2018/12/20 4:00,19,28,47.368
2018/12/20 4:00,2018/12/20 4:05,53,18,66.038
2018/12/20 4:05,2018/12/20 4:10,29,39,34.483
2018/12/20 4:10,2018/12/20 4:15,28,19,32.143
2018/12/20 4:15,2018/12/20 4:20,32,52,62.5
2018/12/20 4:20,2018/12/20 4:25,16,28,75
2018/12/20 4:25,2018/12/20 4:30,24,19,20.833
2018/12/20 4:30,2018/12/20 4:35,36,15,58.333
2018/12/20 4:35,2018/12/20 4:40,13,24,84.615
2018/12/20 4:40,2018/12/20 4:45,45,52,15.556
2018/12/20 4:45,2018/12/20 4:50,37,13,64.865
2018/12/20 4:50,2018/12/20 4:55,32,15,53.125
2018/12/20 4:55,2018/12/20 5:00,37,35,5.405
2018/12/20 5:00,2018/12/20 5:05,31,36,16.129
2018/12/20 5:05,2018/12/20 5:10,36,31,13.889
2018/12/20 5:10,2018/12/20 5:15,25,28,12
2018/12/20 5:15,2018/12/20 5:20,47,24,48.936
2018/12/20 5:20,2018/12/20 5:25,36,53,47.222
2018/12/20 5:25,2018/12/20 5:30,42,36,14.286
2018/12/20 5:30,2018/12/20 5:35,46,36,21.739
2018/12/20 5:35,2018/12/20 5:40,56,44,21.429
2018/12/20 5:40,2018/12/20 5:45,52,41,21.154
2018/12/20 5:45,2018/12/20 5:50,71,46,35.211
2018/12/20 5:50,2018/12/20 5:55,61,35,42.623
2018/12/20 5:55,2018/12/20 6:00,53,45,15.094
2018/12/20 6:00,2018/12/20 6:05,52,53,1.923
2018/12/20 6:05,2018/12/20 6:10,74,51,31.081
2018/12/20 6:10,2018/12/20 6:15,62,51,17.742
2018/12/20 6:15,2018/12/20 6:20,73,73,0
2018/12/20 6:20,2018/12/20 6:25,58,72,24.138
2018/12/20 6:25,2018/12/20 6:30,71,51,28.169
2018/12/20 6:30,2018/12/20 6:35,85,71,16.471
2018/12/20 6:35,2018/12/20 6:40,81,70,13.58
2018/12/20 6:40,2018/12/20 6:45,81,74,8.642
2018/12/20 6:45,2018/12/20 6:50,88,80,9.091
2018/12/20 6:50,2018/12/20 6:55,88,80,9.091
2018/12/20 6:55,2018/12/20 7:00,104,87,16.346
2018/12/20 7:00,2018/12/20 7:05,76,104,36.842
2018/12/20 7:05,2018/12/20 7:10,116,76,34.483
2018/12/20 7:10,2018/12/20 7:15,134,75,44.03
2018/12/20 7:15,2018/12/20 7:20,142,103,27.465
2018/12/20 7:20,2018/12/20 7:25,156,133,14.744
2018/12/20 7:25,2018/12/20 7:30,167,104,37.725
2018/12/20 7:30,2018/12/20 7:35,167,167,0
2018/12/20 7:35,2018/12/20 7:40,173,156,9.827
2018/12/20 7:40,2018/12/20 7:45,181,167,7.735
2018/12/20 7:45,2018/12/20 7:50,181,156,13.812
2018/12/20 7:50,2018/12/20 7:55,166,180,8.434
2018/12/20 7:55,2018/12/20 8:00,152,156,2.632
2018/12/20 8:00,2018/12/20 8:05,168,180,7.143
2018/12/20 8:05,2018/12/20 8:10,217,168,22.581
2018/12/20 8:10,2018/12/20 8:15,203,168,17.241
2018/12/20 8:15,2018/12/20 8:20,239,180,24.686
2018/12/20 8:20,2018/12/20 8:25,245,238,2.857
2018/12/20 8:25,2018/12/20 8:30,227,244,7.489
2018/12/20 8:30,2018/12/20 8:35,234,227,2.991
2018/12/20 8:35,2018/12/20 8:40,225,239,6.222
2018/12/20 8:40,2018/12/20 8:45,211,234,10.9
2018/12/20 8:45,2018/12/20 8:50,193,211,9.326
2018/12/20 8:50,2018/12/20 8:55,200,234,17
2018/12/20 8:55,2018/12/20 9:00,203,200,1.478
2018/12/20 9:00,2018/12/20 9:05,191,216,13.089
2018/12/20 9:05,2018/12/20 9:10,211,200,5.213
2018/12/20 9:10,2018/12/20 9:15,177,225,27.119
2018/12/20 9:15,2018/12/20 9:20,219,177,19.178
2018/12/20 9:20,2018/12/20 9:25,204,203,0.49
2018/12/20 9:25,2018/12/20 9:30,165,203,23.03
2018/12/20 9:30,2018/12/20 9:35,208,165,20.673
2018/12/20 9:35,2018/12/20 9:40,205,191,6.829
2018/12/20 9:40,2018/12/20 9:45,191,190,0.524
2018/12/20 9:45,2018/12/20 9:50,186,218,17.204
2018/12/20 9:50,2018/12/20 9:55,186,191,2.688
2018/12/20 9:55,2018/12/20 10:00,192,190,1.042
2018/12/20 10:00,2018/12/20 10:05,200,192,4
2018/12/20 10:05,2018/12/20 10:10,192,186,3.125
2018/12/20 10:10,2018/12/20 10:15,200,191,4.5
2018/12/20 10:15,2018/12/20 10:20,177,190,7.345
2018/12/20 10:20,2018/12/20 10:25,212,199,6.132
2018/12/20 10:25,2018/12/20 10:30,183,177,3.279
2018/12/20 10:30,2018/12/20 10:35,200,192,4
2018/12/20 10:35,2018/12/20 10:40,168,199,18.452
2018/12/20 10:40,2018/12/20 10:45,206,199,3.398
2018/12/20 10:45,2018/12/20 10:50,169,199,17.751
2018/12/20 10:50,2018/12/20 10:55,191,169,11.518
2018/12/20 10:55,2018/12/20 11:00,199,199,0
2018/12/20 11:00,2018/12/20 11:05,171,190,11.111
2018/12/20 11:05,2018/12/20 11:10,179,169,5.587
2018/12/20 11:10,2018/12/20 11:15,178,190,6.742
2018/12/20 11:15,2018/12/20 11:20,216,178,17.593
2018/12/20 11:20,2018/12/20 11:25,171,171,0
2018/12/20 11:25,2018/12/20 11:30,212,179,15.566
2018/12/20 11:30,2018/12/20 11:35,185,177,4.324
2018/12/20 11:35,2018/12/20 11:40,153,171,11.765
2018/12/20 11:40,2018/12/20 11:45,180,215,19.444
2018/12/20 11:45,2018/12/20 11:50,193,180,6.736
2018/12/20 11:50,2018/12/20 11:55,197,179,9.137
2018/12/20 11:55,2018/12/20 12:00,172,197,14.535
2018/12/20 12:00,2018/12/20 12:05,190,215,13.158
2018/12/20 12:05,2018/12/20 12:10,175,192,9.714
2018/12/20 12:10,2018/12/20 12:15,164,196,19.512
2018/12/20 12:15,2018/12/20 12:20,186,164,11.828
2018/12/20 12:20,2018/12/20 12:25,207,186,10.145
2018/12/20 12:25,2018/12/20 12:30,175,206,17.714
2018/12/20 12:30,2018/12/20 12:35,149,206,38.255
2018/12/20 12:35,2018/12/20 12:40,161,189,17.391
2018/12/20 12:40,2018/12/20 12:45,161,206,27.95
2018/12/20 12:45,2018/12/20 12:50,178,161,9.551
2018/12/20 12:50,2018/12/20 12:55,179,178,0.559
2018/12/20 12:55,2018/12/20 13:00,181,179,1.105
2018/12/20 13:00,2018/12/20 13:05,171,177,3.509
2018/12/20 13:05,2018/12/20 13:10,172,170,1.163
2018/12/20 13:10,2018/12/20 13:15,156,171,9.615
2018/12/20 13:15,2018/12/20 13:20,152,156,2.632
2018/12/20 13:20,2018/12/20 13:25,185,156,15.676
2018/12/20 13:25,2018/12/20 13:30,158,171,8.228
2018/12/20 13:30,2018/12/20 13:35,177,152,14.124
2018/12/20 13:35,2018/12/20 13:40,200,156,22
2018/12/20 13:40,2018/12/20 13:45,177,157,11.299
2018/12/20 13:45,2018/12/20 13:50,185,199,7.568
2018/12/20 13:50,2018/12/20 13:55,197,176,10.66
2018/12/20 13:55,2018/12/20 14:00,191,196,2.618
2018/12/20 14:00,2018/12/20 14:05,183,199,8.743
2018/12/20 14:05,2018/12/20 14:10,185,183,1.081
2018/12/20 14:10,2018/12/20 14:15,185,184,0.541
2018/12/20 14:15,2018/12/20 14:20,169,185,9.467
2018/12/20 14:20,2018/12/20 14:25,179,183,2.235
2018/12/20 14:25,2018/12/20 14:30,176,178,1.136
2018/12/20 14:30,2018/12/20 14:35,190,169,11.053
2018/12/20 14:35,2018/12/20 14:40,206,169,17.961
2018/12/20 14:40,2018/12/20 14:45,182,185,1.648
2018/12/20 14:45,2018/12/20 14:50,206,189,8.252
2018/12/20 14:50,2018/12/20 14:55,202,189,6.436
2018/12/20 14:55,2018/12/20 15:00,194,190,2.062
2018/12/20 15:00,2018/12/20 15:05,207,194,6.28
2018/12/20 15:05,2018/12/20 15:10,209,205,1.914
2018/12/20 15:10,2018/12/20 15:15,177,209,18.079
2018/12/20 15:15,2018/12/20 15:20,188,208,10.638
2018/12/20 15:20,2018/12/20 15:25,205,188,8.293
2018/12/20 15:25,2018/12/20 15:30,187,177,5.348
2018/12/20 15:30,2018/12/20 15:35,203,186,8.374
2018/12/20 15:35,2018/12/20 15:40,194,186,4.124
2018/12/20 15:40,2018/12/20 15:45,199,208,4.523
2018/12/20 15:45,2018/12/20 15:50,205,198,3.415
2018/12/20 15:50,2018/12/20 15:55,210,202,3.81
2018/12/20 15:55,2018/12/20 16:00,186,204,9.677
2018/12/20 16:00,2018/12/20 16:05,221,204,7.692
2018/12/20 16:05,2018/12/20 16:10,222,207,6.757
2018/12/20 16:10,2018/12/20 16:15,212,222,4.717
2018/12/20 16:15,2018/12/20 16:20,217,186,14.286
2018/12/20 16:20,2018/12/20 16:25,202,187,7.426
2018/12/20 16:25,2018/12/20 16:30,240,202,15.833
2018/12/20 16:30,2018/12/20 16:35,210,202,3.81
2018/12/20 16:35,2018/12/20 16:40,228,186,18.421
2018/12/20 16:40,2018/12/20 16:45,222,201,9.459
2018/12/20 16:45,2018/12/20 16:50,221,227,2.715
2018/12/20 16:50,2018/12/20 16:55,181,239,32.044
2018/12/20 16:55,2018/12/20 17:00,172,181,5.233
2018/12/20 17:00,2018/12/20 17:05,172,239,38.953
2018/12/20 17:05,2018/12/20 17:10,199,172,13.568
2018/12/20 17:10,2018/12/20 17:15,225,199,11.556
2018/12/20 17:15,2018/12/20 17:20,244,224,8.197
2018/12/20 17:20,2018/12/20 17:25,263,181,31.179
2018/12/20 17:25,2018/12/20 17:30,241,224,7.054
2018/12/20 17:30,2018/12/20 17:35,235,241,2.553
2018/12/20 17:35,2018/12/20 17:40,226,262,15.929
2018/12/20 17:40,2018/12/20 17:45,269,262,2.602
2018/12/20 17:45,2018/12/20 17:50,222,262,18.018
2018/12/20 17:50,2018/12/20 17:55,247,172,30.364
2018/12/20 17:55,2018/12/20 18:00,244,246,0.82
2018/12/20 18:00,2018/12/20 18:05,242,225,7.025
2018/12/20 18:05,2018/12/20 18:10,210,222,5.714
2018/12/20 18:10,2018/12/20 18:15,238,241,1.261
2018/12/20 18:15,2018/12/20 18:20,251,222,11.554
2018/12/20 18:20,2018/12/20 18:25,212,221,4.245
2018/12/20 18:25,2018/12/20 18:30,228,210,7.895
2018/12/20 18:30,2018/12/20 18:35,190,237,24.737
2018/12/20 18:35,2018/12/20 18:40,222,190,14.414
2018/12/20 18:40,2018/12/20 18:45,212,235,10.849
2018/12/20 18:45,2018/12/20 18:50,238,221,7.143
2018/12/20 18:50,2018/12/20 18:55,193,238,23.316
2018/12/20 18:55,2018/12/20 19:00,173,237,36.994
2018/12/20 19:00,2018/12/20 19:05,153,173,13.072
2018/12/20 19:05,2018/12/20 19:10,128,193,50.781
2018/12/20 19:10,2018/12/20 19:15,131,172,31.298
2018/12/20 19:15,2018/12/20 19:20,134,130,2.985
2018/12/20 19:20,2018/12/20 19:25,103,131,27.184
2018/12/20 19:25,2018/12/20 19:30,104,131,25.962
2018/12/20 19:30,2018/12/20 19:35,117,103,11.966
2018/12/20 19:35,2018/12/20 19:40,118,103,12.712
2018/12/20 19:40,2018/12/20 19:45,99,128,29.293
2018/12/20 19:45,2018/12/20 19:50,135,133,1.481
2018/12/20 19:50,2018/12/20 19:55,154,98,36.364
2018/12/20 19:55,2018/12/20 20:00,137,134,2.19
2018/12/20 20:00,2018/12/20 20:05,128,104,18.75
2018/12/20 20:05,2018/12/20 20:10,107,127,18.692
2018/12/20 20:10,2018/12/20 20:15,104,127,22.115
2018/12/20 20:15,2018/12/20 20:20,100,103,3
2018/12/20 20:20,2018/12/20 20:25,116,153,31.897
2018/12/20 20:25,2018/12/20 20:30,118,128,8.475
2018/12/20 20:30,2018/12/20 20:35,127,116,8.661
2018/12/20 20:35,2018/12/20 20:40,102,117,14.706
2018/12/20 20:40,2018/12/20 20:45,129,126,2.326
2018/12/20 20:45,2018/12/20 20:50,113,102,9.735
2018/12/20 20:50,2018/12/20 20:55,102,153,50
2018/12/20 20:55,2018/12/20 21:00,82,100,21.951
2018/12/20 21:00,2018/12/20 21:05,73,101,38.356
2018/12/20 21:05,2018/12/20 21:10,84,73,13.095
2018/12/20 21:10,2018/12/20 21:15,101,102,0.99
2018/12/20 21:15,2018/12/20 21:20,86,73,15.116
2018/12/20 21:20,2018/12/20 21:25,92,73,20.652
2018/12/20 21:25,2018/12/20 21:30,88,101,14.773
2018/12/20 21:30,2018/12/20 21:35,94,88,6.383
2018/12/20 21:35,2018/12/20 21:40,88,91,3.409
2018/12/20 21:40,2018/12/20 21:45,80,87,8.75
2018/12/20 21:45,2018/12/20 21:50,71,91,28.169
2018/12/20 21:50,2018/12/20 21:55,70,85,21.429
2018/12/20 21:55,2018/12/20 22:00,82,94,14.634
2018/12/20 22:00,2018/12/20 22:05,64,70,9.375
2018/12/20 22:05,2018/12/20 22:10,75,63,16
2018/12/20 22:10,2018/12/20 22:15,64,82,28.125
2018/12/20 22:15,2018/12/20 22:20,80,64,20
2018/12/20 22:20,2018/12/20 22:25,50,75,50
2018/12/20 22:25,2018/12/20 22:30,47,50,6.383
2018/12/20 22:30,2018/12/20 22:35,62,79,27.419
2018/12/20 22:35,2018/12/20 22:40,62,84,35.484
2018/12/20 22:40,2018/12/20 22:45,76,62,18.421
2018/12/20 22:45,2018/12/20 22:50,52,70,34.615
2018/12/20 22:50,2018/12/20 22:55,63,61,3.175
2018/12/20 22:55,2018/12/20 23:00,67,62,7.463
2018/12/20 23:00,2018/12/20 23:05,44,63,43.182
2018/12/20 23:05,2018/12/20 23:10,57,61,7.018
2018/12/20 23:10,2018/12/20 23:15,59,75,27.119
2018/12/20 23:15,2018/12/20 23:20,59,62,5.085
2018/12/20 23:20,2018/12/20 23:25,50,51,2
2018/12/20 23:25,2018/12/20 23:30,61,50,18.033
2018/12/20 23:30,2018/12/20 23:35,60,50,16.667
2018/12/20 23:35,2018/12/20 23:40,50,56,12
2018/12/20 23:40,2018/12/20 23:45,44,49,11.364
2018/12/20 23:45,2018/12/20 23:50,28,60,114.286
2018/12/20 23:50,2018/12/20 23:55,34,59,73.529
2018/12/19 0:00,2018/12/19 0:05,31,43,38.71
2018/12/19 0:05,2018/12/19 0:10,34,30,11.765
2018/12/19 0:10,2018/12/19 0:15,45,31,31.111
2018/12/19 0:15,2018/12/19 0:20,39,45,15.385
2018/12/19 0:20,2018/12/19 0:25,33,50,51.515
2018/12/19 0:25,2018/12/19 0:30,51,43,15.686
2018/12/19 0:30,2018/12/19 0:35,35,33,5.714
2018/12/19 0:35,2018/12/19 0:40,33,32,3.03
2018/12/19 0:40,2018/12/19 0:45,32,33,3.125
2018/12/19 0:45,2018/12/19 0:50,45,59,31.111
2018/12/19 0:50,2018/12/19 0:55,34,50,47.059
2018/12/19 0:55,2018/12/19 1:00,28,44,57.143
2018/12/19 1:00,2018/12/19 1:05,25,28,12
2018/12/19 1:05,2018/12/19 1:10,28,34,21.429
2018/12/19 1:10,2018/12/19 1:15,38,38,0
2018/12/19 1:15,2018/12/19 1:20,33,34,3.03
2018/12/19 1:20,2018/12/19 1:25,39,24,38.462
2018/12/19 1:25,2018/12/19 1:30,42,38,9.524
2018/12/19 1:30,2018/12/19 1:35,28,32,14.286
2018/12/19 1:35,2018/12/19 1:40,21,38,80.952
2018/12/19 1:40,2018/12/19 1:45,32,28,12.5
2018/12/19 1:45,2018/12/19 1:50,25,32,28
2018/12/19 1:50,2018/12/19 1:55,31,24,22.581
2018/12/19 1:55,2018/12/19 2:00,23,28,21.739
2018/12/19 2:00,2018/12/19 2:05,27,31,14.815
2018/12/19 2:05,2018/12/19 2:10,25,23,8
2018/12/19 2:10,2018/12/19 2:15,14,31,121.429
2018/12/19 2:15,2018/12/19 2:20,51,27,47.059
2018/12/19 2:20,2018/12/19 2:25,32,26,18.75
2018/12/19 2:25,2018/12/19 2:30,33,26,21.212
2018/12/19 2:30,2018/12/19 2:35,39,32,17.949
2018/12/19 2:35,2018/12/19 2:40,27,23,14.815
2018/12/19 2:40,2018/12/19 2:45,34,38,11.765
2018/12/19 2:45,2018/12/19 2:50,26,27,3.846
2018/12/19 2:50,2018/12/19 2:55,35,34,2.857
2018/12/19 2:55,2018/12/19 3:00,36,33,8.333
2018/12/19 3:00,2018/12/19 3:05,30,32,6.667
2018/12/19 3:05,2018/12/19 3:10,35,29,17.143
2018/12/19 3:10,2018/12/19 3:15,38,29,23.684
2018/12/19 3:15,2018/12/19 3:20,31,35,12.903
2018/12/19 3:20,2018/12/19 3:25,30,31,3.333
2018/12/19 3:25,2018/12/19 3:30,33,30,9.091
2018/12/19 3:30,2018/12/19 3:35,27,30,11.111
2018/12/19 3:35,2018/12/19 3:40,33,29,12.121
2018/12/19 3:40,2018/12/19 3:45,28,26,7.143
2018/12/19 3:45,2018/12/19 3:50,26,27,3.846
2018/12/19 3:50,2018/12/19 3:55,28,38,35.714
2018/12/19 3:55,2018/12/19 4:00,42,27,35.714
2018/12/19 4:00,2018/12/19 4:05,59,41,30.508
2018/12/19 4:05,2018/12/19 4:10,42,28,33.333
2018/12/19 4:10,2018/12/19 4:15,25,35,40
2018/12/19 4:15,2018/12/19 4:20,26,58,123.077
2018/12/19 4:20,2018/12/19 4:25,31,28,9.677
2018/12/19 4:25,2018/12/19 4:30,28,41,46.429
2018/12/19 4:30,2018/12/19 4:35,40,30,25
2018/12/19 4:35,2018/12/19 4:40,54,27,50
2018/12/19 4:40,2018/12/19 4:45,35,58,65.714
2018/12/19 4:45,2018/12/19 4:50,43,53,23.256
2018/12/19 4:50,2018/12/19 4:55,38,31,18.421
2018/12/19 4:55,2018/12/19 5:00,44,39,11.364
2018/12/19 5:00,2018/12/19 5:05,35,42,20
2018/12/19 5:05,2018/12/19 5:10,33,35,6.061
2018/12/19 5:10,2018/12/19 5:15,57,27,52.632
2018/12/19 5:15,2018/12/19 5:20,37,56,51.351
2018/12/19 5:20,2018/12/19 5:25,66,58,12.121
2018/12/19 5:25,2018/12/19 5:30,49,65,32.653
2018/12/19 5:30,2018/12/19 5:35,50,32,36
2018/12/19 5:35,2018/12/19 5:40,64,34,46.875
2018/12/19 5:40,2018/12/19 5:45,67,49,26.866
2018/12/19 5:45,2018/12/19 5:50,67,49,26.866
2018/12/19 5:50,2018/12/19 5:55,85,33,61.176
2018/12/19 5:55,2018/12/19 6:00,68,50,26.471
2018/12/19 6:00,2018/12/19 6:05,87,68,21.839
2018/12/19 6:05,2018/12/19 6:10,66,67,1.515
2018/12/19 6:10,2018/12/19 6:15,83,87,4.819
2018/12/19 6:15,2018/12/19 6:20,76,66,13.158
2018/12/19 6:20,2018/12/19 6:25,59,75,27.119
2018/12/19 6:25,2018/12/19 6:30,86,86,0
2018/12/19 6:30,2018/12/19 6:35,72,85,18.056
2018/12/19 6:35,2018/12/19 6:40,62,85,37.097
2018/12/19 6:40,2018/12/19 6:45,94,66,29.787
2018/12/19 6:45,2018/12/19 6:50,104,93,10.577
2018/12/19 6:50,2018/12/19 6:55,94,93,1.064
2018/12/19 6:55,2018/12/19 7:00,87,104,19.54
2018/12/19 7:00,2018/12/19 7:05,99,87,12.121
2018/12/19 7:05,2018/12/19 7:10,108,98,9.259
2018/12/19 7:10,2018/12/19 7:15,129,98,24.031
2018/12/19 7:15,2018/12/19 7:20,140,86,38.571
2018/12/19 7:20,2018/12/19 7:25,146,128,12.329
2018/12/19 7:25,2018/12/19 7:30,139,86,38.129
2018/12/19 7:30,2018/12/19 7:35,159,139,12.579
2018/12/19 7:35,2018/12/19 7:40,162,146,9.877
2018/12/19 7:40,2018/12/19 7:45,174,159,8.621
2018/12/19 7:45,2018/12/19 7:50,182,146,19.78
2018/12/19 7:50,2018/12/19 7:55,170,181,6.471
2018/12/19 7:55,2018/12/19 8:00,200,146,27
